Price,Close,High,Low,Open,Volume
Ticker,RELIANCE.NS,RELIANCE.NS,RELIANCE.NS,RELIANCE.NS,RELIANCE.NS
Date,,,,,
2020-01-01,672.2161865234375,680.0088516309808,670.3905321258029,675.9566705310696,14004468
2020-01-02,683.6602783203125,686.1762083080744,673.2849207275859,673.2849207275859,17710316
2020-01-03,684.4840698242188,686.4878962665452,678.1831277621862,682.6360622006584,20984698
2020-01-06,668.6093139648438,680.3650438391912,667.0507691289934,676.8472602327319,24519177
2020-01-07,678.8956909179688,683.3040975466399,673.952886932682,676.4019951208164,16683622
2020-01-08,673.7969970703125,683.2817317108661,672.3943304886236,674.6207976476823,16047902
2020-01-09,689.3154296875,690.2059926741842,681.8567565985553,685.1296647498189,14982742
2020-01-10,689.1596069335938,693.7461255846073,685.5972357997355,691.0520831577536,12478359
2020-01-13,687.4008178710938,694.0802201574284,685.0407659635977,688.0019777503975,18282382
2020-01-14,681.0330810546875,690.2061193009722,677.6711159879618,685.7531846503401,15816535
2020-01-15,678.5616455078125,685.708622508407,676.068009361063,683.9052024938248,15817859
2020-01-16,684.8179321289062,687.2448055274269,680.4095262908653,680.8548672498658,12847975
2020-01-17,704.0101928710938,705.7690846391494,691.6310096398801,691.7645940988411,29463471
2020-01-20,682.3466186523438,716.4784286658733,679.6971043882497,716.4784286658733,32545850
2020-01-21,683.036865234375,688.3581283514012,677.73783646965,680.6768135829059,18922720
2020-01-22,682.7919311523438,688.7588822425179,681.7900179448524,687.534328261155,10322817
2020-01-23,679.8975219726562,686.6214514994721,677.1589513580537,684.1945779592724,11247739
2020-01-24,677.5374145507812,684.1277590740176,676.2015106061541,679.9642284408451,14628445
2020-01-27,670.8580322265625,678.8288097703885,670.1678160991427,674.5762817936037,13387750
2020-01-28,655.3617553710938,672.3942783497732,651.7326219117568,671.7708247894806,24532236
2020-01-29,658.9686889648438,665.4476838598071,651.9330029814765,656.385937187332,24746565
2020-01-30,642.8935546875,658.9018717010598,641.2237192109507,658.5901746274501,22402689
2020-01-31,628.5995483398438,647.1237936333738,626.6180159566431,647.0124435342548,34750310
2020-02-03,616.9551391601562,623.3896651574961,606.9583015760081,610.0085691432375,30712290
2020-02-04,635.167724609375,637.8840014691701,622.4323157911366,623.411935184783,25383901
2020-02-05,645.0086669921875,646.9234370233874,636.9043647870463,638.9526598272524,18472100
2020-02-06,649.1499633789062,653.2466727335321,641.268301219584,647.5024215657478,15538577
2020-02-07,638.3961181640625,646.7231209827357,636.0137726868787,646.121961162775,12209212
2020-02-10,639.264404296875,643.6728102657878,628.065247040691,635.8801458287573,15142476
2020-02-11,646.9012451171875,652.8904307204514,643.4724582072458,644.5188995976021,13999816
2020-02-12,654.716064453125,656.7421844770341,647.9030790730019,648.4151825290611,13533565
2020-02-13,656.4305419921875,658.0336151395259,651.2873910883294,658.0336151395259,13565659
2020-02-14,662.4197387695312,668.5870368609382,647.0570496970056,657.8109261027595,21227841
2020-02-17,658.2561645507812,670.6798756802237,656.4972728187931,663.0430895240688,13149130
2020-02-18,653.4246826171875,657.2096942768698,648.9717487058438,657.2096942768698,11127161
2020-02-19,669.6334838867188,670.813509728984,656.8535465958774,658.7460229239962,14084409
2020-02-20,661.6849975585938,671.5037233050037,660.7276124968037,666.6055073331329,16892268
2020-02-24,643.4279174804688,657.699577615814,641.0233376549481,654.4711971958799,21370214
2020-02-25,630.7147216796875,646.299990125259,627.8648012169732,646.299990125259,27745062
2020-02-26,619.8495483398438,628.9112950285784,617.7789594939649,627.8648537048206,29362748
2020-02-27,617.2891845703125,620.6511494965837,609.6078101962304,618.0683975689975,25054993
2020-02-28,591.6401977539062,604.2643163833105,590.0148903377343,603.3291656588368,39315769
2020-03-02,586.0740356445312,609.6077893226085,579.3723403742132,603.4181975497225,29500495
2020-03-03,597.9632568359375,602.8837657243814,588.678870623834,592.107656856765,27398798
2020-03-04,596.5607299804688,602.8393785511545,582.400359715697,602.0378717145262,22105261
2020-03-05,583.8475952148438,604.6873667976507,581.5543059975552,602.1269086434213,30510390
2020-03-06,565.9689331054688,573.6057788366949,552.654658716733,565.5236515774449,33734039
2020-03-09,496.1246032714844,552.610174773984,487.59722352706973,552.187127563448,88187018
2020-03-11,513.669189453125,524.7569973633897,493.3860202311153,493.3860202311153,59578576
2020-03-12,473.3477783203125,490.26895266015714,466.98007386558294,483.14426957764243,55970485
2020-03-13,492.1836853027344,507.6353699155986,419.64527598931187,444.40361172588484,73297403
2020-03-16,452.285400390625,480.78422401846996,447.52073887081747,472.2568439815697,38482258
2020-03-17,448.8565979003906,472.0118916262875,446.7191870864638,466.3343737158094,45445979
2020-03-18,431.26751708984375,461.2803576562569,427.9278160593616,456.560224275454,44730415
2020-03-19,408.64654541015625,430.5995508438921,397.29153849959346,409.715250893795,61404010
2020-03-20,453.2872619628906,460.8349919401429,414.1236220114131,418.3539154289049,63360475
2020-03-23,393.66241455078125,423.0295668803202,389.92193040058896,407.9786036891489,40670949
2020-03-24,420.090576171875,431.9353918898189,398.8945807634273,414.1236252972025,45734887
2020-03-25,481.9196472167969,512.7785178891949,428.9296612692312,429.17456609975056,73130298
2020-03-26,474.7727355957031,497.34916518213845,464.1524728836179,487.95345651457,45744488
2020-03-27,474.5055236816406,493.0742985498193,465.86682419167437,487.59718710077345,41657940
2020-03-30,458.8534240722656,478.6022243792753,454.2001132600208,463.37318015277566,30229866
2020-03-31,495.94647216796875,503.0934193486525,466.668378147016,478.2237612689132,44292810
2020-04-01,481.1181945800781,500.7779105092495,465.4215737109047,499.7314691179713,41597459
2020-04-03,479.78228759765625,505.1640794985781,470.3643151321363,505.1640794985781,41367807
2020-04-07,537.0693969726562,540.587180545846,489.82365880229355,490.7587797499459,54373624
2020-04-08,530.8575439453125,547.2666748233642,516.5413553079427,525.4472243442474,49880330
2020-04-09,543.2366943359375,548.9587106749909,531.2360300150857,540.5871800325931,33032857
2020-04-13,529.5216674804688,541.0325221376103,525.4471928092958,536.1120125498173,23673784
2020-04-15,512.0216064453125,550.3837133914021,508.97133852649563,533.0394909756521,35321842
2020-04-16,520.1259765625,528.7646769192855,509.8619687316648,512.0216140957893,37455706
2020-04-17,545.0401000976562,547.7119081332823,531.0801379395491,541.477788467049,33269335
2020-04-20,553.8570556640625,559.7348915553606,535.2437501412302,545.9308055574253,36030932
2020-04-21,550.9848022460938,557.5083250081677,518.3224819342147,538.8059664932713,61371628
2020-04-22,607.2031860351562,616.6879797457742,578.8825082607582,587.7883765401166,142683366
2020-04-23,610.453857421875,617.1110242514935,602.6166648338456,608.8730782936495,65464502
2020-04-24,630.98193359375,665.6926093550011,599.9003914322975,601.2140016546114,134986308
2020-04-27,636.659423828125,656.8089776563307,633.6536843523593,638.5519000387314,58482901
2020-04-28,635.9470825195312,648.103567516399,619.916469231147,645.6767530581233,78453401
2020-04-29,635.41259765625,647.3019715047586,632.3178017703171,643.4056688448253,37494672
2020-04-30,652.8013305664062,665.6926172797448,640.3553848329962,647.4355395070829,71345899
2020-05-04,639.0863647460938,652.3561123219903,631.1823492999154,641.2237757465786,53456868
2020-05-05,650.4189453125,658.5901284085901,644.4297604788242,647.3242091452047,44903763
2020-05-06,650.463623046875,661.2397341507669,643.6728711176166,651.9108178555344,40489094
2020-05-07,671.0361328125,674.0196380436263,643.4501981639638,647.9031324834183,50026966
2020-05-08,695.4605712890625,703.5203455803562,684.4617604589652,687.9796035544326,84262770
2020-05-11,702.139892578125,719.1501212050276,700.1360664102885,703.5647933551589,67085063
2020-05-12,658.7015991210938,698.3773808403693,652.35618735086,696.7965418992319,100683202
2020-05-13,672.677001953125,686.4096865474885,653.5950534044931,686.4096865474885,66430125
2020-05-14,645.4813232421875,672.7893884091039,642.8291930409412,660.3377943598729,49266771
2020-05-15,656.0225219726562,659.3039915320402,636.1089830747022,649.0999689371046,62152260
2020-05-18,647.6389770507812,666.181474909855,641.9076865534937,660.7873261418357,62796089
2020-05-19,633.3218994140625,657.0563561877386,630.7821895369445,654.9436171986698,42315854
2020-05-20,644.469970703125,650.3810982575258,626.1746653038855,633.8164459231173,55320985
2020-05-21,647.8637084960938,656.9438839898754,640.5590706705585,645.0542141170009,39167981
2020-05-22,643.5034790039062,655.3931503743523,641.233434844536,652.6061872445827,37828973
2020-05-26,640.1320190429688,651.6620746780493,636.6482413729298,650.9653191440415,33216635
2020-05-27,649.7966918945312,653.5950802585778,634.7154397533718,643.2562252592883,35667956
2020-05-28,661.7987060546875,665.1700639694456,651.3474905739236,654.0445650157022,40126278
2020-05-29,658.2700805664062,661.6863829805953,652.9882921441282,659.8883134336163,40022527
2020-06-01,683.4204711914062,691.5117545227077,663.4619881609007,665.2825298829506,39943702
2020-06-02,690.3204956054688,692.2534575560194,683.6227235911691,685.9602437650542,22153960
2020-06-03,692.9951782226562,701.2437669142711,689.264146584744,694.5010503906053,25381289
2020-06-04,710.1441040039062,714.5044150378368,692.7029193183236,694.0514268333575,34202350
2020-06-05,710.9981689453125,727.3155677405333,707.4020299835134,716.976712812966,33076685
2020-06-08,705.5140380859375,727.495369555277,703.4912471731864,727.495369555277,31414953
2020-06-09,690.9722900390625,711.5825840206448,689.1068040465735,701.3785617206731,25857161
2020-06-10,706.705322265625,710.0317358884901,692.2758817982025,693.6468614517847,22132647
2020-06-11,691.219482421875,704.8172743086072,688.2077385143969,703.9407414982666,20385805
2020-06-12,714.1897583007812,716.0777164159133,672.9242267053721,674.2727936948124,38548899
2020-06-15,725.7647705078125,731.3387563203479,701.7381741898191,703.4912994111404,53107403
2020-06-16,727.1807250976562,741.0482428927804,712.6163922222294,738.5534772559045,51187003
2020-06-17,726.1243286132812,735.159560417052,720.1682571993283,722.9327480146142,41782053
2020-06-18,744.3521728515625,748.4427585087822,721.74156125064,722.3709004133316,40471557
2020-06-19,790.8770751953125,804.092782405198,747.094304408189,750.6903840730492,105804173
2020-06-22,784.9210205078125,811.0153531945601,779.9088977902954,797.1703064721975,60198705
2020-06-23,773.5707397460938,792.8324674172671,771.4130562292277,786.6516143231465,37962078
2020-06-24,776.69482421875,796.8556158794696,769.4351890087056,780.3134354719743,51586221
2020-06-25,772.2221069335938,786.2020448440715,770.0419514480267,776.3126926255497,39679374
2020-06-26,782.8981323242188,787.5506408989148,771.8175772674693,777.1218971867132,30921913
2020-06-29,774.5820922851562,782.0440358258111,771.1657900960829,776.7847199037966,25621946
2020-06-30,766.018798828125,782.6058621926095,762.1754070277087,780.8078522990025,30276420
2020-07-01,781.0775756835938,786.2020588284339,767.7943931621406,773.1661294381369,28464103
2020-07-02,794.524169921875,797.7964291606368,783.1051378323464,786.6933471641555,28789533
2020-07-03,806.958740234375,809.2606454481156,797.9769941642788,803.3028398448629,29434266
2020-07-06,835.7996826171875,838.59798707909,808.8543846026165,814.6767489280919,47016185
2020-07-07,823.0039672851562,841.463976689244,815.2634586435034,839.5006450288294,35189589
2020-07-08,811.5172729492188,828.1943991602055,807.9065001671087,823.2747585521189,26204095
2020-07-09,823.3650512695312,828.2170013060332,806.2139692943585,816.4820787561033,36418942
2020-07-10,847.6474609375,850.6037702244128,823.3650864259226,825.2833506758969,43759967
2020-07-13,873.3515014648438,879.0835514065949,857.5544142629645,859.066414273634,69608392
2020-07-14,865.227294921875,876.3755044340146,851.8223671864567,872.9001726962613,67331128
2020-07-15,832.2791137695312,893.1203699369507,811.5173183412455,874.6829238098223,139669773
2020-07-16,832.00830078125,843.5627139468717,818.039164673242,833.6331186808312,60961724
2020-07-17,862.835205078125,866.5813597597964,829.5710849624811,832.7305263268679,49726765
2020-07-20,866.5361328125,871.9974193757844,857.3964422325445,865.5883422314392,36592938
2020-07-21,889.8480834960938,892.3079337086934,874.0284930342241,875.156852095807,42173371
2020-07-22,904.4942626953125,907.202312550526,884.9510213382299,895.0159986639695,59771457
2020-07-23,928.7764892578125,938.6608971636242,898.7846324946036,904.4715545647441,58333751
2020-07-24,968.65283203125,976.2579590026274,928.776564146926,928.8668185460966,120597372
2020-07-27,973.1887817382812,992.4160717579479,960.4157553838029,983.389199696608,80304827
2020-07-28,982.8927001953125,990.2496273324197,970.6838232619775,973.1888006028569,55114422
2020-07-29,946.3113403320312,985.1946329524699,934.4861032246416,982.9831015871683,72663399
2020-07-30,951.8176879882812,965.7416374844678,935.1856290159112,947.3719425825504,72857444
2020-07-31,932.9740600585938,960.9122737981927,926.5198556854664,954.3678150249528,74958061
2020-08-03,906.7509765625,928.4154946857375,904.0879942280135,925.8428264432459,46715383
2020-08-04,970.6613159179688,978.0633706821992,902.8017056351508,911.9865832893145,92041055
2020-08-05,959.7614135742188,991.1523973893704,956.0829496096318,978.9661424351585,74549993
2020-08-06,963.214111328125,978.3792977984335,951.3437476637285,973.549911434821,49322975
2020-08-07,968.7882690429688,973.911042177792,956.9405280202135,961.2733960409245,32984416
2020-08-10,956.782470703125,977.1606844285126,951.4791890501768,974.497761802115,26958997
2020-08-11,963.0787353515625,974.9039718853056,947.9812395926484,963.5300670431569,46828306
2020-08-12,960.2803955078125,968.1338417220617,950.8924453804724,957.3015226996713,30264617
2020-08-13,957.7754516601562,965.3805786775785,952.3367286962583,960.4609378961798,24830322
2020-08-14,954.0518798828125,973.549934599968,942.9713613334557,958.0011068702576,33224635
2020-08-17,943.919189453125,950.0800072856482,934.3281075225127,950.0800072856482,30979066
2020-08-18,956.1957397460938,963.3044077157676,939.8570673079405,941.0531171539242,30547672
2020-08-19,962.063232421875,972.1959605908819,957.4595415393626,966.3284692913196,34087543
2020-08-20,946.4918212890625,958.6104445458395,942.4071530026558,956.850185253758,22537845
2020-08-21,939.6315307617188,957.7530290843004,937.4425030938793,955.9476423638105,25280895
2020-08-24,945.9051513671875,949.8543785402047,934.5086821849079,943.9418195814,32717218
2020-08-25,939.7442016601562,952.9234928104662,937.8936880228628,950.5313333957848,19388008
2020-08-26,964.658447265625,969.4652701628314,923.9020783795879,941.0531605726751,59870421
2020-08-27,952.6075439453125,970.3905257659359,949.2901575537568,969.4878026998181,28085062
2020-08-28,955.112548828125,962.6725488024437,950.6442396447251,956.8501848269598,27166900
2020-08-31,939.1124877929688,981.2229157497998,929.9276091672962,981.2229157497998,62076132
2020-09-01,942.0686645507812,957.9333821236513,930.8527051045198,947.8232778251647,38616258
2020-09-02,960.55126953125,964.9744517777982,941.0532136373029,944.2125954179412,26949439
2020-09-03,953.28466796875,965.3129780000348,949.177435785477,960.4610275654427,18586429
2020-09-04,937.5552368164062,946.4467283078576,935.275954940486,940.3987281070342,28475945
2020-09-07,939.9925537109375,950.4186091878753,922.6609018892434,940.6018903476146,21926473
2020-09-08,951.02783203125,957.3014676946553,939.0220273942846,944.2124909097532,27397082
2020-09-09,975.5133056640625,978.4244877673116,939.4508806683891,941.0531948204808,55310877
2020-09-10,1044.410888671875,1058.3800235694275,981.83194598064,985.3299004503288,140304404
2020-09-11,1047.0062255859375,1055.175562246342,1032.269926063605,1043.5083899488072,59470807
2020-09-14,1039.2431640625,1065.1729199258552,1029.9679721043801,1049.3758922384438,44063445
2020-09-15,1046.60009765625,1049.7143521325797,1032.7437783357252,1043.4858431799203,27178393
2020-09-16,1049.1727294921875,1069.392939817957,1042.8539659959436,1047.1190836022542,33952295
2020-09-17,1037.528076171875,1053.3025400234242,1034.4137023752521,1047.1190390154095,25828669
2020-09-18,1040.6650390625,1046.8709851509045,1027.5083091955705,1044.5240122145226,33074915
2020-09-21,1018.165283203125,1054.3404610706277,1014.3287552558285,1038.092044133767,33627381
2020-09-22,997.9902954101562,1027.7112740343982,993.6573676500885,1027.7112740343982,34792254
2020-09-23,1006.8590698242188,1027.5983602691515,995.3498434566727,1020.0383606869218,42988708
2020-09-24,984.472412109375,1004.6925597624013,982.1479436518912,996.5232836861359,29826318
2020-09-25,993.7250366210938,998.7349916951074,978.1988318727759,987.9929866283342,28374935
2020-09-28,1000.2921142578125,1010.1088922605071,996.1397551110359,1005.1440644113056,19666849
2020-09-29,1013.290771484375,1021.8436888287242,1000.2920490892888,1004.2413355722142,25842539
2020-09-30,1008.46142578125,1023.1977241154949,1004.2413164953268,1020.0383427428203,24465159
2020-10-01,1004.3541870117188,1021.7534684542669,999.2765413206039,1021.7534684542669,20783227
2020-10-05,998.464111328125,1015.1412378353376,995.665807141331,1012.8168289308439,18922799
2020-10-06,997.629150390625,1008.2582772733267,993.7024274130506,1004.3541775876134,18412175
2020-10-07,1018.9102172851562,1042.154428954155,1001.9847694397473,1008.7549247010826,53170865
2020-10-08,1010.6728515625,1023.6490692174933,1002.9323436724169,1019.5869053069489,21077808
2020-10-09,1008.0552368164062,1016.8790372265936,1000.6757456073183,1008.7548278164428,18545499
2020-10-12,1009.6799926757812,1018.1200919736274,1004.8055389601913,1008.7547657275612,14226473
2020-10-13,1029.38134765625,1031.6606295627953,1004.6250177214829,1006.7689180188713,23112012
2020-10-14,1032.4505615234375,1039.897744492515,1023.8749596152172,1028.5690248149792,26742011
2020-10-15,995.8914794921875,1033.5787209899615,990.7010157207518,1033.5787209899615,20036197
2020-10-16,982.03515625,1007.6263364491078,980.6134107518138,999.7278829970974,21583600
2020-10-19,982.2157592773438,1005.9113606750328,972.7149909324551,988.466891534098,31200385
2020-10-20,973.0534057617188,989.7982821843228,971.4059645919401,983.4794597665089,18482288
2020-10-21,958.9264526367188,989.3470825746206,946.8078286470422,978.5148226542062,34082321
2020-10-22,950.9600830078125,962.4919326942683,943.761160688031,960.1900874152456,30802210
2020-10-23,953.7134399414062,963.6204132688217,946.198566591835,950.5314348129205,23422125
2020-10-26,915.822998046875,948.7034169019341,911.0387387404159,948.7034169019341,37324416
2020-10-27,918.2603149414062,929.7018515417203,904.9456412841947,918.4408237514781,36478896
2020-10-28,907.8567504882812,928.7314227324945,906.028800472741,921.5550042670169,29924017
2020-10-29,914.8300170898438,921.645358569465,898.6267852210569,901.3348351173212,30655304
2020-10-30,927.287109375,932.0713684328344,912.5281277212341,917.8088456567091,34021563
2020-11-02,847.3765869140625,914.875118139784,839.1169961667077,914.875118139784,99366895
2020-11-03,835.1676635742188,861.6164392035137,828.2621279628137,853.0408988395865,88691623
2020-11-04,863.5120849609375,870.6433759833506,829.1196689111366,829.1196689111366,80180117
2020-11-05,882.37841796875,885.0639044213495,871.9974897863348,882.355854367001,37205373
2020-11-06,915.8455810546875,920.7426584675038,892.8270071314915,898.175475948344,66674086
2020-11-09,925.572021484375,933.831612463532,918.9372485037195,930.7173580690493,35838510
2020-11-10,940.85009765625,943.3099481329342,921.2843506217042,937.4424565059559,36934242
2020-11-11,901.4249877929688,945.5664886118119,892.8043204833926,942.8584390211519,56724780
2020-11-12,893.6619873046875,906.5027656017824,886.8918324917257,894.1133787125383,40046527
2020-11-13,901.0640258789062,919.2306494130244,894.4518760870695,894.5646940909385,45388670
2020-11-14,903.7269287109375,909.5944198559474,900.5901107359409,909.4139110537326,5226220
2020-11-17,899.6422729492188,941.0531655438715,895.9186819311539,941.0531655438715,46542562
2020-11-18,896.9115600585938,905.6225415308988,884.680120055657,899.6421732719438,30402290
2020-11-19,890.5702514648438,907.4053832429535,888.3360969077845,896.9116378432019,27796343
2020-11-20,857.3286743164062,895.3769889613604,855.2975923532912,891.4051391187778,57471248
2020-11-23,880.4375610351562,889.148483349999,869.4021701299365,880.5729426320072,45327567
2020-11-24,886.4630126953125,890.9538853742781,871.997417187929,886.4404490954421,30936268
2020-11-25,879.1286010742188,899.5068137121415,876.6011198738435,893.6618865906463,32637879
2020-11-26,881.2951049804688,886.8917730806558,871.1173098416299,881.4982370696008,25838637
2020-11-27,871.00439453125,882.8747575932827,867.2131130290779,875.8337806497944,47336811
2020-12-01,882.3331909179688,887.4559636242224,871.1172913559293,875.7661090949532,19750687
2020-12-02,883.800048828125,885.53774439738,873.3514311978975,883.957994019848,22188887
2020-12-03,886.4630126953125,894.1584537844419,884.0257260648682,890.0512219953362,27785372
2020-12-04,878.65478515625,888.6971991448669,875.6082215278506,888.6971991448669,18464552
2020-12-07,883.8226928710938,886.891820126114,875.8790518310219,875.8790518310219,18242188
2020-12-08,899.8678588867188,909.1204263018327,880.1215470992155,885.1540651059471,43403061
2020-12-09,914.8525390625,917.9442894095523,902.3503351540464,907.179721423537,29175254
2020-12-10,905.8482055664062,915.5521050393417,903.1401558672769,912.4378508699459,16065507
2020-12-11,905.3067016601562,919.8399885896688,891.0667415415232,908.5563377171925,26944202
2020-12-14,898.7621459960938,909.4590234227397,896.5279914527346,906.2770186070177,17312747
2020-12-15,891.1118774414062,898.0399769590505,885.1315087967429,898.0399769590505,18551265
2020-12-16,892.1048583984375,900.4096365369544,887.2077809533278,897.2727587493416,18561011
2020-12-17,896.1895141601562,904.9456238899453,892.3756687000254,895.6930552499342,20252358
2020-12-18,898.875,904.9004961820984,886.8918178223723,893.7071594170455,18466344
2020-12-21,875.4727172851562,912.6183705411303,837.3567098855556,907.2022710782971,44135540
2020-12-22,874.1187744140625,884.13862467934,852.3413781920493,879.6703154945026,28140001
2020-12-23,877.3458862304688,880.7760906412614,866.8746448149003,871.0947542977892,19501410
2020-12-24,900.0485229492188,902.1472362313513,878.2711268911072,878.7675857883312,20776988
2020-12-28,904.1782836914062,910.8130563627905,900.5675108718648,905.7128472166959,17221499
2020-12-29,898.197998046875,908.2404117114976,894.8128611333499,906.7509753463718,18611939
2020-12-30,900.65771484375,905.9384324891365,891.6534065904553,900.544896853225,22043630
2020-12-31,896.0540771484375,908.0598221912284,893.0300772883096,899.7551043755919,18781189
2021-01-01,897.0471801757812,901.3349212804142,894.5647660465282,897.2728162016685,10015175
2021-01-04,898.5590209960938,902.1922975973049,888.2457850636894,900.4772253363753,24513534
2021-01-05,887.3883666992188,895.2868807865033,882.8297431826808,888.6972346672048,24123091
2021-01-06,863.986083984375,887.3431107117481,859.8788522034279,887.297983512097,46401468
2021-01-07,862.5869140625,877.8649187321673,859.8788642012053,866.8069639014568,32325918
2021-01-08,872.7646484375,874.8859848548774,863.0156218642852,865.6785443392591,27540187
2021-01-11,856.3131713867188,875.0665066757083,854.1692713388484,875.0665066757083,33307825
2021-01-12,883.3036499023438,884.6350813991116,857.5092762592445,858.9084582491231,41161546
2021-01-13,875.0665893554688,891.3826993524976,865.8817711258671,886.2373626282811,26619458
2021-01-14,884.9058837890625,887.7493749036234,875.1794202704835,877.8649064942006,21553242
2021-01-15,874.4573364257812,890.8637012770374,866.6039495178113,884.9059553680901,20593268
2021-01-18,895.4447631835938,901.3348178565226,868.093322463363,879.7154269171596,35100458
2021-01-19,910.0909423828125,916.6805284572496,900.2741645341835,900.2741645341835,32006615
2021-01-20,927.3773193359375,928.8667555895526,903.320643603404,912.3475752102067,30924537
2021-01-21,947.5524291992188,956.8501242760648,936.5396618324675,939.6990432246472,39087742
2021-01-22,925.0755004882812,954.7514084138397,918.5535459475058,952.7880171566991,30532660
2021-01-25,876.0595092773438,918.4633177239738,871.9974047459384,918.4633177239738,54207104
2021-01-27,855.2976684570312,868.8380370064367,852.13828693381,868.8380370064367,42370131
2021-01-28,846.9703369140625,868.0707040284875,844.0140279643443,848.5951547796549,34067814
2021-01-29,831.3538818359375,863.4670185270817,825.9602859922227,854.9817319108826,43712383
2021-02-01,855.43310546875,859.8111004411335,834.084477925657,839.2298143671649,34180952
2021-02-02,869.1990966796875,875.6081736879117,837.2213427448476,863.9860695183817,41470034
2021-02-03,871.38818359375,881.0243335187519,857.554427887479,870.3275152709535,30301696
2021-02-04,868.5220947265625,875.6081993096957,859.8111124753323,868.3866534338506,25626981
2021-02-05,868.2738037109375,877.7069402051127,866.5812949964159,871.1172947571725,20248046
2021-02-08,880.7760620117188,888.6971388465231,870.6659579070334,872.4712846072483,21183400
2021-02-09,882.8974609375,897.9949582317895,881.1598247943388,885.5153163375164,19604141
2021-02-10,891.0892944335938,895.8058629486737,869.8761074541144,881.8142219915239,21234156
2021-02-11,927.8286743164062,931.6651427302581,890.1639989701773,893.6618940174507,42539278
2021-02-12,921.4647216796875,937.8936480254456,909.6394857850835,927.738416899162,30497029
2021-02-15,917.4026489257812,930.3562442810988,913.9724445678881,924.3759353313053,15791099
2021-02-16,929.5438842773438,938.5256299749142,918.4859291608079,920.6298293819443,21421660
2021-02-17,940.2633056640625,945.9953555067547,925.5268870227972,929.7695004811927,23742994
2021-02-18,933.2449340820312,951.6146304224952,929.3633380518262,941.0531936529034,18646877
2021-02-19,938.9317626953125,950.0574077634237,926.7454493980867,928.4154541842837,23403483
2021-02-22,906.3447265625,943.2647459186029,900.4096042931712,938.7964367473062,23804335
2021-02-23,913.27294921875,926.5650596508531,908.8272033401173,924.3534685124855,25644108
2021-02-24,930.2208251953125,932.139029538801,914.4914301945876,916.22912574907,10807663
2021-02-25,967.8403930664062,971.2931609562635,935.6369439506498,936.9909986645049,34855693
2021-02-26,941.4141845703125,963.123829134179,934.5988434646592,955.4961387654923,37481215
2021-03-01,948.590576171875,953.2394537638484,930.897848571293,952.4269850885058,17680764
2021-03-02,950.5313110351562,961.3635697154016,942.9036206682259,957.752856616694,17150760
2021-03-03,993.905517578125,1001.9394719927689,951.0729423807295,957.3240740262065,31924461
2021-03-04,982.0578002929688,988.421750465709,973.8659000002634,983.9308776144062,21435754
2021-03-05,983.343994140625,998.3512343189884,971.7670178094675,973.0985088715871,25511666
2021-03-08,988.9408569335938,1007.355680497462,978.5148017597687,978.7404377726681,19506841
2021-03-09,988.9180908203125,999.1861993021838,968.8558884914019,992.9576314805555,15154484
2021-03-10,984.8109741210938,999.7730887336929,979.5302558776189,996.1171885060364,11519358
2021-03-12,964.7939453125,995.846415828836,958.6105036545637,990.7010789298332,16864952
2021-03-15,951.8402709960938,969.894016181107,939.022056998036,965.899662068002,16698099
2021-03-16,948.0940551757812,959.558213666829,945.7922099765842,954.142054646313,13873801
2021-03-17,927.6707763671875,949.1773492874154,918.5310260738679,946.9431947370554,19210236
2021-03-18,906.7960815429688,940.9628627496759,903.1401815146905,935.5918307044085,20647480
2021-03-19,939.6990966796875,945.9502287147974,894.9257507304794,898.6267780925764,41787429
2021-03-22,930.8527221679688,936.088313055874,917.6734905482226,934.7343179799378,18572478
2021-03-23,942.1815185546875,952.2013688377597,927.9641819762402,930.6496682735799,17421165
2021-03-24,924.0374145507812,938.6835185270156,920.9231603023551,938.6835185270156,16822814
2021-03-25,898.829833984375,927.0614339788925,895.9186520687285,927.0614339788925,22001648
2021-03-26,900.274169921875,908.8722746334809,890.818529006779,908.1049928320286,20180202
2021-03-30,915.9132690429688,924.7596332154852,898.8750045089173,906.2996230548414,20441701
2021-03-31,904.0879516601562,925.2108826971944,902.2374380883726,910.8130382876154,16250796
2021-04-01,912.5507202148438,916.2291839450849,904.1105608753422,910.813084242052,11723312
2021-04-05,899.348876953125,913.9724170012217,885.5828730456216,913.9498534023671,14875099
2021-04-06,895.6027221679688,904.9229807916713,888.6971267728383,904.4942127215924,14009194
2021-04-07,903.9752807617188,923.8570380171361,899.6649760538585,902.6889763377594,24266353
2021-04-08,905.1036376953125,912.6185111810149,899.5295324880082,907.6537426263076,15369188
2021-04-09,894.5872802734375,905.5549215962554,893.6619935421585,901.989335355401,14037885
2021-04-12,862.5869140625,885.2669734194948,857.6672732350632,884.1837415365642,20901482
2021-04-13,871.9071655273438,875.8790157297038,865.6109063786529,868.3866470158723,19411189
2021-04-15,877.5489501953125,885.0863863250735,863.421868505896,869.4247410901053,19723716
2021-04-16,872.04248046875,880.0764346591261,869.4923760258712,874.07356246059,15656948
2021-04-19,858.3216552734375,864.9564280013587,853.0409372873982,859.3597599294095,18478808
2021-04-20,858.0734252929688,866.1298835841033,853.2440391612164,862.2934748740392,17203668
2021-04-22,860.4429931640625,864.0763296197583,847.0380660893645,854.05647971313,14490954
2021-04-23,859.517822265625,866.0848449417196,855.4557174605446,860.262540485022,11828857
2021-04-26,874.6378173828125,885.5378273951245,862.7448895453444,866.5813583165724,20846778
2021-04-27,897.5660400390625,901.4250123029811,874.8182915364723,875.6081368680552,19992524
2021-04-28,901.47021484375,906.2996013229371,893.7297060704715,901.7184741400474,17122437
2021-04-29,913.543701171875,922.7737059327087,905.9837012820783,913.0246189844161,17412606
2021-04-30,900.2064208984375,918.9371927131189,897.0696030939774,906.5252433975188,19828769
2021-05-03,884.206298828125,893.2106078294329,877.0073762854873,887.3431167617707,23640186
2021-05-04,865.046630859375,888.1555160324492,862.5191497068099,880.121561842195,21849830
2021-05-05,866.6264038085938,874.9311213941457,861.1876811156937,868.0932764991574,12393609
2021-05-06,871.5460815429688,873.351467984722,860.5332540943049,867.4162861727356,14624666
2021-05-07,871.8846435546875,882.6717759114722,869.2894115930914,874.5926935213764,12288548
2021-05-10,869.3795776367188,878.6772726130321,867.0100416182049,875.1568139833493,13941237
2021-05-11,872.5165405273438,874.9537675806936,862.0678622246373,864.324640162575,13478264
2021-05-12,863.4895629882812,872.4036175039552,860.7138223730607,871.1398768410697,13177961
2021-05-14,874.3895874023438,876.5108642766377,860.2625054108522,870.2146050700743,13291616
2021-05-17,884.7930297851562,886.1921519936135,871.2752254332202,874.3895393110239,11873078
2021-05-18,897.2501831054688,903.8623926091062,890.2768962963072,894.1133650520243,12064918
2021-05-19,901.357421875,910.1135316770341,890.0512670062741,893.661980396703,16317002
2021-05-20,896.0992431640625,907.6085298258828,894.1133478678807,901.7410386469029,11422532
2021-05-21,903.83984375,907.0217890570246,896.3700979084354,899.0781478980009,10785605
2021-05-24,896.2119750976562,907.1119838096187,894.5645936578591,906.2995151967815,8551760
2021-05-25,886.0567626953125,901.3347663974367,884.6350172082499,901.0639435208391,14780102
2021-05-26,889.171142578125,893.4363796423949,887.0273019371077,891.4052973188182,7480204
2021-05-27,891.9017944335938,899.5294855338184,885.6506620923865,889.2839988316376,26819294
2021-05-28,945.4763793945312,950.0800703747383,898.1754900723914,898.1754900723914,56469931
2021-05-31,975.0393676757812,989.2115769657272,941.0757172389948,948.7259715836556,59124142
2021-06-01,978.9208984375,993.8603885283871,968.8107347954659,977.611970938607,28013832
2021-06-02,993.52197265625,997.2455637461187,973.5499623771119,973.5499623771119,24630162
2021-06-03,997.3131713867188,1015.5249208069228,991.1974809457165,1002.4358843892015,23974257
2021-06-04,988.6700439453125,1000.382403586374,985.8491162192327,999.6376853522006,14468646
2021-06-07,1005.3245849609375,1011.9142309078353,986.1876070242225,993.8604848949419,16336573
2021-06-08,999.54736328125,1005.2117222594065,992.1227450436447,1004.9635226595291,9674735
2021-06-09,981.6741333007812,1002.4359284900111,973.9786921208427,1001.5332651004173,11409161
2021-06-10,985.284912109375,1006.4980988117626,982.8250618353879,989.9788572705107,14155653
2021-06-11,1002.3753051757812,1009.1011952964063,987.4063735342977,988.6745798453265,13762778
2021-06-14,1016.7555541992188,1022.8019971914159,994.1775627019242,1003.2133236938203,20332436
2021-06-15,1019.0652465820312,1030.3428892787051,1014.6719292575741,1024.04738247787,15174215
2021-06-16,1001.6732177734375,1017.7291568032897,999.0689384128791,1016.7554197633551,10797349
2021-06-17,1003.507568359375,1012.2715613635339,987.315775310826,996.419402245226,15745975
2021-06-18,1008.0366821289062,1012.2715036865906,989.3311797612216,1007.9687553467284,29369026
2021-06-21,1013.29052734375,1017.9329096042337,996.4873342427861,998.0046053152495,12186448
2021-06-22,1008.08203125,1024.0474616919707,1005.1833424900376,1020.8769459855561,12871913
2021-06-23,998.8425903320312,1019.3370730246654,997.1894056266616,1019.0653658677555,16653951
2021-06-24,975.3587646484375,1003.0320420254984,969.24439537304,999.5219522378009,91461975
2021-06-25,953.14306640625,975.3587188779936,942.5674531142881,975.3587188779936,55355022
2021-06-28,944.7867431640625,963.129909816626,942.5221576464701,961.0918068108575,20277042
2021-06-29,945.60205078125,955.2039275943256,943.9262837366043,946.3720075153033,27144063
2021-06-30,955.951171875,961.3861531398231,947.0739679222726,949.4291224770184,19762858
2021-07-01,950.1991577148438,961.6126545352091,948.863024683412,959.280142195751,12534407
2021-07-02,964.2848510742188,966.0286046961062,947.9345027993265,949.7688254664646,14086620
2021-07-05,973.8641357421875,975.3814069298204,965.3945518663345,967.6364952540457,11702287
2021-07-06,962.3599853515625,973.2752927037599,960.2765977537204,971.4863144110957,10070124
2021-07-07,955.679443359375,963.6961219133111,950.2218196134942,963.6961219133111,10454892
2021-07-08,947.7760009765625,958.8045791709611,942.5221577829742,958.8045791709611,11185460
2021-07-09,938.0835571289062,947.3683817256788,935.7736870853545,945.6925548959384,9037675
2021-07-12,943.9262084960938,951.8069732106677,939.5781755914345,941.9559723923293,8585292
2021-07-13,950.9917602539062,952.5090313833667,945.7152147930674,951.1276138236502,6717133
2021-07-14,944.7867431640625,954.2300635744198,942.6353689523012,951.2860904215172,8532544
2021-07-15,943.1336669921875,948.8630578642602,941.3899132919198,948.8630578642602,9448356
2021-07-16,956.7437744140625,957.8081403899708,945.5114158643191,945.5793426478567,8828185
2021-07-19,950.6520385742188,961.9976083202988,947.6174964042133,951.1275859545519,8354449
2021-07-20,948.3195190429688,954.7509997157346,943.8809767465054,950.9011562369292,6741464
2021-07-22,960.5030517578125,961.9523961689722,950.2897739918685,959.7330950269046,7972397
2021-07-23,953.7092895507812,966.7306870173245,952.0561048845019,966.7306870173245,9937030
2021-07-26,940.6426391601562,960.6389323639107,938.0383595793566,954.7510454031105,12389668
2021-07-27,930.746337890625,943.7450933231961,924.8584510240973,940.6199818363403,10824523
2021-07-28,922.7523193359375,932.1050710097164,913.1957274047861,932.1050710097164,12897848
2021-07-29,929.9537353515625,939.5329699424876,925.4924907676273,930.2934291945161,13765738
2021-07-30,921.8238525390625,936.6115854453042,919.9215431668897,932.1050565925411,11350608
2021-08-02,938.67236328125,941.7974744869755,924.4733894897529,930.4292625094815,10925104
2021-08-03,945.579345703125,947.0513322851771,934.9131634487219,946.5984271599676,11817299
2021-08-04,952.8259887695312,957.4683707455586,945.2395739719021,948.5911674624529,13169800
2021-08-05,966.6400756835938,975.9474827845528,953.0525024475675,957.604315821072,21252078
2021-08-06,946.1681518554688,972.392083052254,941.5030673967123,964.6924564242829,16620987
2021-08-09,940.7784423828125,946.5078930939915,935.9548618556917,942.522196064497,7494143
2021-08-10,945.7152709960938,957.0156171230963,939.2385654839516,942.9751378756041,11919198
2021-08-11,958.963134765625,960.1859966454768,943.6092248291548,949.7462363911606,9184963
2021-08-12,955.8832397460938,962.994047792915,953.3921717385531,962.4052292074406,8137612
2021-08-13,971.8032836914062,973.7282353115995,955.181228214771,958.9630848706249,12780901
2021-08-16,984.4170532226562,997.7781437654177,963.8772277608733,973.4791039346753,21935444
2021-08-17,980.2276000976562,989.716205298415,972.7997402220516,982.3110475847799,12658169
2021-08-18,984.0321044921875,990.4408829212671,974.9511198541776,984.6435653646352,10075860
2021-08-20,972.9808959960938,983.7376470917055,967.88554870858,970.6030393085123,9426282
2021-08-23,979.3670654296875,984.6435509846982,965.7568499022403,984.6435509846982,9854395
2021-08-24,989.0369262695312,992.7961409161452,976.3098780018888,980.5899844960273,11864472
2021-08-25,997.5970458984375,1005.4778714076189,987.4064100092222,989.8069092436782,13380559
2021-08-26,1010.210693359375,1016.7553848783828,998.6839258042111,1000.0427010414176,18589616
2021-08-27,1008.829345703125,1015.7817181947378,1003.6887734868195,1013.1773788430729,10480636
2021-08-30,1028.2369384765625,1030.7733511879242,1013.086868200183,1019.0653841621985,14027062
2021-08-31,1022.7567138671875,1034.3513502485355,1015.5552757824454,1031.248880823453,26485463
2021-09-01,1026.8101806640625,1038.495504793424,1024.9532755584123,1029.482446811587,11145486
2021-09-02,1039.1749267578125,1045.2440116453542,1021.3299483032399,1021.3299483032399,9956770
2021-09-03,1081.79443359375,1084.7384068201698,1042.8435137983438,1046.2403322593964,30664428
2021-09-06,1098.5977783203125,1123.2365131929273,1092.4380047519112,1092.8909697996994,33641710
2021-09-07,1105.52734375,1113.272195169168,1092.4379602260194,1100.5904921516135,17349882
2021-09-08,1101.2021484375,1111.460771899485,1090.0150722909684,1110.5549614804072,14301651
2021-09-09,1098.5977783203125,1104.145971203985,1094.2950296674799,1099.6394421897962,8963249
2021-09-13,1074.1175537109375,1101.949327153265,1072.5323557228828,1101.949327153265,16311160
2021-09-14,1072.7135009765625,1084.2854942866497,1071.6037904973264,1075.6801166083583,8908356
2021-09-15,1077.1746826171875,1085.0780298856923,1072.7360805602518,1072.7360805602518,9071075
2021-09-16,1099.7750244140625,1103.6474493260278,1072.0564694964737,1078.6464444240007,13448882
2021-09-17,1082.7227783203125,1112.2983612101125,1075.9516645338,1107.8371172912175,34882133
2021-09-20,1084.444091796875,1095.3140549772365,1073.415512979037,1074.3666078022443,11779819
2021-09-21,1089.1317138671875,1094.521410709491,1079.756260196694,1089.2675674362638,9915736
2021-09-22,1100.81689453125,1106.0253328041451,1086.2102417475817,1090.6262009705367,10995912
2021-09-23,1127.7203369140625,1130.9360171926044,1107.6107744419755,1108.4713001643795,15748397
2021-09-24,1124.459228515625,1134.7631343059459,1119.613065939266,1133.9026086017536,15192163
2021-09-27,1143.3685302734375,1145.8370159244848,1121.1077134942575,1126.4068411721403,15373834
2021-09-28,1154.0574951171875,1161.689135216267,1138.092065214608,1147.6939414575027,18035258
2021-09-29,1144.9088134765625,1163.9992386829224,1141.3760209862874,1163.9992386829224,9719875
2021-09-30,1141.013427734375,1147.965800183617,1132.4533348800387,1143.617767070168,13590654
2021-10-01,1143.0289306640625,1150.320936930379,1130.0302358504632,1133.1779894261922,8958928
2021-10-04,1157.7261962890625,1166.1957202690803,1149.0754144086845,1156.2994941506686,10918552
2021-10-05,1181.75341796875,1183.0216242133338,1153.7403880823629,1157.2505376163047,13533634
2021-10-06,1159.4019775390625,1186.6222902143543,1155.4389825506435,1186.6222902143543,10258881
2021-10-07,1165.0860595703125,1177.0204479976474,1162.9573276219362,1175.3219190109808,6336665
2021-10-08,1209.85693359375,1215.8128063604343,1169.2074879845059,1170.9058970806193,15772493
2021-10-11,1201.4327392578125,1231.9367793726578,1198.1264896541243,1223.512539721895,14768666
2021-10-12,1208.29443359375,1215.1788796176056,1196.2694750157295,1197.9680041586355,6682011
2021-10-13,1220.591064453125,1231.7102112927382,1208.9736680853593,1213.3669853963502,9959762
2021-10-14,1223.0594482421875,1230.7817769408248,1217.0809330176019,1223.036805981498,8623469
2021-10-18,1226.320556640625,1243.2596035729455,1205.8033136478314,1208.6567177514992,13594479
2021-10-19,1237.3037109375,1246.1356302424738,1226.5016753447112,1233.6577079515857,8833409
2021-10-20,1223.0594482421875,1242.2405578545067,1219.0285268378586,1242.2405578545067,12710570
2021-10-21,1187.77734375,1235.560187794889,1179.0359922815946,1235.2884806281218,20831669
2021-10-22,1189.9964599609375,1206.9809106504802,1182.7950231580921,1186.6448064236538,11027475
2021-10-25,1178.4017333984375,1213.819979870448,1163.9989792562783,1213.819979870448,17198417
2021-10-26,1205.2371826171875,1208.7926167498356,1179.013250231775,1185.3315195274101,9750178
2021-10-27,1189.9964599609375,1212.3706072222662,1186.6221641632774,1201.1382490708493,9896298
2021-10-28,1176.95263671875,1194.7749750089235,1173.284110478914,1186.6450838297792,9886181
2021-10-29,1148.713134765625,1175.8428779756357,1133.0648156155328,1175.8428779756357,14233025
2021-11-01,1149.4150390625,1157.6581394917466,1129.6224692481335,1148.7130092033958,15481114
2021-11-02,1132.6571044921875,1154.0348738636576,1130.143454028727,1152.6760985535552,10569130
2021-11-03,1124.8670654296875,1141.353269066621,1114.6310849978502,1135.034999269857,11989430
2021-11-04,1131.7740478515625,1134.5142410032367,1127.7657681126252,1129.101781492045,1705656
2021-11-08,1133.1781005859375,1141.3532756603024,1112.5476437566415,1141.081448693073,20337183
2021-11-09,1142.1231689453125,1145.38413396809,1126.4295651226153,1134.5594552172417,15682497
2021-11-10,1154.8955078125,1158.5641535733516,1133.9480592535028,1139.858648545967,10253470
2021-11-11,1157.00146484375,1164.2254244154967,1148.3959679290283,1150.4341308509872,10722478
2021-11-12,1174.46142578125,1177.0204805624614,1158.1110771767962,1160.783343266853,8712341
2021-11-15,1167.5318603515625,1178.583081524526,1163.9990683781703,1177.586582367733,4803269
2021-11-16,1140.4022216796875,1166.2637612012684,1130.0303872332545,1164.927627982119,11337581
2021-11-17,1115.9898681640625,1131.819326460902,1114.631092727357,1131.819326460902,10202029
2021-11-18,1120.2017822265625,1127.3126501781812,1109.6714536653499,1114.177982402732,8505625
2021-11-22,1070.584716796875,1109.1960026578379,1064.8099816539602,1103.3533407297432,24124307
2021-11-23,1080.59423828125,1087.5692534410966,1045.7875684738456,1056.6801744196864,25326999
2021-11-24,1064.9910888671875,1091.4867243500764,1061.4356552775093,1077.9444973476766,16820296
2021-11-25,1129.1016845703125,1133.2006528139436,1067.5954770563671,1074.7742721480843,42401936
2021-11-26,1092.709716796875,1122.1493269988055,1087.6822964764374,1117.7107252384765,15763138
2021-11-29,1105.7991943359375,1132.2949564813318,1086.5954393266575,1104.712245845007,24325354
2021-11-30,1089.448486328125,1121.3792200504852,1081.952701272337,1117.8011444497688,32172299
2021-12-01,1117.3485107421875,1120.5189065172979,1098.3711810133602,1101.9492572911422,10104610
2021-12-02,1124.52734375,1130.5737867535804,1114.9028239659328,1118.5714698041102,12720411
2021-12-03,1090.73974609375,1131.6156243395585,1087.003173284586,1131.5703398085593,19222481
2021-12-06,1070.0638427734375,1098.3259382907745,1067.595476803198,1094.2497321105475,10332254
2021-12-07,1078.7825927734375,1088.8146726752468,1068.8863664494722,1076.2010153934032,11235122
2021-12-08,1095.200927734375,1101.4058665244686,1089.8565147837464,1097.9184786382343,8744178
2021-12-09,1112.5701904296875,1120.9265028973477,1098.3259314492311,1102.8551026436394,13213547
2021-12-10,1113.702392578125,1116.8954302844725,1100.7488640809006,1105.2327501452526,8364414
2021-12-13,1091.37353515625,1120.5640791956964,1088.8144806900814,1120.2923720879173,12901733
2021-12-14,1078.0125732421875,1089.7205393231307,1074.9553887174345,1077.944646457222,12991523
2021-12-15,1074.8648681640625,1089.2676234327396,1069.38448219365,1079.7563157042177,9366969
2021-12-16,1088.769287109375,1094.0231302341062,1072.8039773873268,1089.5845283011158,9761279
2021-12-17,1060.0316162109375,1090.6262198818429,1050.7693748912868,1086.1196915464664,21049821
2021-12-20,1031.45263671875,1049.7957435304404,1017.7517924627566,1049.7957435304404,14325846
2021-12-21,1046.8065185546875,1062.5454064146618,1038.1784989493156,1046.8518030785813,12836561
2021-12-22,1071.64892578125,1074.275907104783,1051.6753379399179,1052.9887088013688,17658543
2021-12-23,1071.26416015625,1077.944705915956,1068.0031950967277,1075.2271551661324,9072401
2021-12-24,1074.68359375,1083.3795393185057,1058.7181649806878,1073.4153876003008,7886494
2021-12-27,1073.52880859375,1077.038958550713,1063.4967281365457,1069.5884556164642,4017223
2021-12-28,1086.2783203125,1089.1996512774408,1074.7968966086662,1075.9517717574063,6374613
2021-12-29,1088.135498046875,1095.6086434721246,1078.8958965572567,1082.9269385141147,15425312
2021-12-30,1068.478759765625,1089.245070757408,1062.3643899373753,1087.003127167027,29333171
2021-12-31,1072.5775146484375,1079.710904759357,1068.8862272626782,1074.7741732718725,9477290
2022-01-03,1088.74658203125,1090.6036067166367,1070.4940456132024,1071.150790940942,5421611
2022-01-04,1113.317626953125,1114.6311178916164,1088.8147434123907,1094.2045607530267,10847728
2022-01-05,1118.526123046875,1121.877776996668,1101.9267085410534,1115.0840198447643,11643813
2022-01-06,1094.4761962890625,1111.4606489189575,1091.0792578429503,1110.1924425923644,14447422
2022-01-07,1103.3079833984375,1113.294777565113,1092.2341211399646,1101.0207557139988,13112115
2022-01-10,1104.2139892578125,1112.819487274749,1094.2724778501188,1110.554901449293,9246731
2022-01-11,1112.1627197265625,1120.9492358826358,1102.8551919025351,1103.3081569787676,16205164
2022-01-12,1141.851318359375,1143.595131948247,1116.4426269818646,1119.2960312179016,14800442
2022-01-13,1148.2828369140625,1150.8645340891296,1136.0993826537385,1141.9194026287705,11856712
2022-01-14,1149.95849609375,1162.776052313962,1144.0026230998735,1148.146875628832,19930176
2022-01-17,1155.9595947265625,1161.734329339856,1149.0526273304495,1149.5055923237667,8036453
2022-01-18,1142.1685791015625,1160.5343313379433,1139.4283858183082,1157.0922278353653,6215029
2022-01-19,1142.0777587890625,1151.3172385374578,1136.370950826631,1145.882257497244,9755485
2022-01-20,1122.08154296875,1136.8014098425185,1111.913489734347,1132.3175229917704,16494486
2022-01-21,1122.2626953125,1133.3139167394952,1110.5548482538704,1110.5548482538704,13338594
2022-01-24,1076.99365234375,1134.4463001586594,1066.6671028591084,1120.9718770080574,21868937
2022-01-25,1074.887451171875,1081.8623458947789,1043.9757327083191,1064.1532222498897,24510205
2022-01-27,1058.96728515625,1067.1198169153088,1046.7159051568356,1058.0161903944513,20020431
2022-01-28,1057.9483642578125,1076.0876922422228,1054.5741878483832,1071.1509600753575,14667727
2022-01-31,1080.9339599609375,1089.9017336429354,1067.1651879580827,1068.9769283849403,12143683
2022-02-01,1077.3558349609375,1096.333045361315,1063.0436492942567,1090.6263567842825,13200509
2022-02-02,1079.552490234375,1090.1733881906252,1075.725349000261,1090.1733881906252,10017691
2022-02-03,1065.6025390625,1087.6596951339798,1063.0888887078768,1083.3795890325775,9572839
2022-02-04,1055.887451171875,1063.655064440526,1051.2677111603737,1060.280768575064,11061241
2022-02-07,1049.4560546875,1067.4368843783152,1043.9756693517945,1060.7336971993545,10714467
2022-02-08,1067.09716796875,1068.8862659765236,1046.240291320876,1055.5931024543218,12060849
2022-02-09,1079.5299072265625,1081.2056742872649,1067.9805561051007,1073.9363098694528,11486225
2022-02-10,1078.420166015625,1085.055306543387,1071.19608713209,1085.055306543387,12464491
2022-02-11,1076.314208984375,1079.982854527415,1061.6849113374171,1074.887506839841,15943370
2022-02-14,1059.171142578125,1066.599001885618,1047.5990308751595,1059.9410992209632,10719633
2022-02-15,1095.1329345703125,1097.8278430466569,1057.880422222606,1064.9006018983252,11212671
2022-02-16,1092.8682861328125,1101.9492706042658,1085.16871921443,1100.5904953127101,10392840
2022-02-17,1106.704833984375,1111.8681080705421,1091.5321231787168,1096.1065786813085,12853252
2022-02-18,1098.0543212890625,1112.5476464311962,1096.129369451274,1107.1126644779383,6775458
2022-02-21,1086.957763671875,1103.9875007758346,1080.0281530233087,1092.4380298945582,11107193
2022-02-22,1082.0208740234375,1085.146105195485,1063.066305633856,1065.6705251768456,13494914
2022-02-23,1075.249755859375,1089.9696221846223,1072.5096827529123,1087.5012562225045,7310110
2022-02-24,1021.6695556640625,1059.7827129241718,1016.0760782454672,1043.975778151862,24846650
2022-02-25,1034.44189453125,1045.3118571320392,1030.9543872983322,1032.698081014629,14570089
2022-02-28,1068.6824951171875,1072.2152872381166,1015.894992677199,1015.894992677199,21297446
2022-03-02,1086.34619140625,1087.4559017749605,1054.9363443782538,1057.314141139364,21471786
2022-03-03,1077.1746826171875,1093.7288113845136,1073.4381104672327,1087.002981514595,10186748
2022-03-04,1053.283447265625,1070.8339584078715,1050.928292256373,1065.7159678106761,10805667
2022-03-07,1014.3323364257812,1047.1915288477956,1006.3835848910501,1032.0639824642974,17983310
2022-03-08,1012.4979248046875,1017.2536381523959,987.361002125067,1001.6279025675499,21289374
2022-03-09,1066.2139892578125,1072.05665089973,1011.8864606126765,1012.7244638561707,20414228
2022-03-10,1083.4927978515625,1089.267532756051,1068.8862634347242,1087.0029472759036,17980493
2022-03-11,1086.617919921875,1091.9850941858494,1076.1555181267943,1076.1555181267943,12257423
2022-03-14,1095.5404052734375,1098.0541754406872,1075.2270625884603,1081.0697243173254,8340678
2022-03-15,1070.4488525390625,1099.6620420875429,1060.2128731362302,1099.6620420875429,15925769
2022-03-16,1088.520263671875,1090.5810688907009,1076.6311594559988,1078.8504605069668,11149828
2022-03-17,1124.006591796875,1131.1173411560007,1093.8421832317183,1101.8362205198277,21422098
2022-03-21,1117.52978515625,1125.0482148088292,1104.6669425964524,1106.9315283978274,11999466
2022-03-22,1146.4031982421875,1148.124249688356,1111.2794206216663,1114.2232739689239,22557065
2022-03-23,1150.0491943359375,1161.666592238369,1142.7120228084564,1142.7120228084564,15462187
2022-03-24,1167.916748046875,1170.4078760728964,1136.8240104486479,1136.8240104486479,13168266
2022-03-25,1175.70703125,1184.833300668766,1167.169460657995,1169.660588741769,14222488
2022-03-28,1187.5281982421875,1191.0608703717303,1171.472198621402,1182.1157391354113,9891424
2022-03-29,1187.7999267578125,1194.7974641560254,1180.9382429362058,1194.7974641560254,8684065
2022-03-30,1210.626953125,1217.4433519238278,1185.3314742474283,1195.6580225208536,15811550
2022-03-31,1193.325439453125,1209.1550162306944,1190.5400818204482,1207.0036419353132,13223718
2022-04-01,1202.8819580078125,1207.094137293246,1187.5507515318518,1193.891542920345,7922880
2022-04-04,1206.4375,1211.555489970758,1196.45070474843,1202.7009276541294,7929162
2022-04-05,1189.3851318359375,1209.2456310104756,1186.9620503043643,1200.7307025551163,13149870
2022-04-06,1186.2147216796875,1193.2122590361132,1171.744039651222,1171.744039651222,12257215
2022-04-07,1165.2899169921875,1180.3041331292436,1162.6402930619627,1175.3672812713683,15496499
2022-04-08,1184.6746826171875,1188.909504082465,1159.4697737682463,1159.4697737682463,15152495
2022-04-11,1182.2064208984375,1195.0466201854251,1169.8869936426172,1177.5865608022991,9254209
2022-04-12,1159.9454345703125,1178.7641486995603,1157.3863798447205,1171.698565177911,13217742
2022-04-13,1155.68798828125,1174.2349955581562,1152.9025109003892,1166.0371790472568,10354235
2022-04-18,1152.1551513671875,1159.3792305452218,1142.1683569783831,1147.2410619855225,9974224
2022-04-19,1196.0655517578125,1208.3849780863475,1155.416224906424,1158.5639783200388,26141820
2022-04-20,1231.234619140625,1238.2775602010167,1199.8247720277507,1203.4481327307994,25072240
2022-04-21,1260.06298828125,1263.1880996959114,1237.3717275306717,1245.9319403276972,21708633
2022-04-22,1249.5098876953125,1269.075915209395,1242.8972695502077,1249.5551722154648,15054154
2022-04-25,1220.61376953125,1249.3287095526507,1206.414795351199,1242.0821076628993,17063215
2022-04-26,1257.1416015625,1265.9055943331985,1226.3658564890222,1227.4075203143414,12227666
2022-04-27,1258.364501953125,1280.8518611647926,1247.8114113086813,1248.1738072854712,19338945
2022-04-28,1277.1605224609375,1291.2689267231667,1261.874481071713,1272.676636154816,25614076
2022-04-29,1263.754150390625,1293.6014412995023,1257.888846605604,1293.6014412995023,18214862
2022-05-02,1259.3155517578125,1270.6611211332292,1249.1701419744186,1250.9592399328203,9467006
2022-05-04,1220.00244140625,1263.6411523249315,1212.1443778001394,1261.376566525436,19247660
2022-05-05,1196.1109619140625,1236.4659436174286,1192.0800401164388,1233.5219702392728,17210669
2022-05-06,1186.9393310546875,1204.3087009820067,1174.6651887519583,1183.112189870724,19649948
2022-05-09,1140.5833740234375,1176.2733340833229,1135.4653835305458,1166.2411334825588,18083752
2022-05-10,1120.813232421875,1144.3423749690376,1113.2721615832613,1130.0301899582084,19511677
2022-05-11,1109.3319091796875,1125.478478168712,1096.9445548183617,1119.9075231154202,16643899
2022-05-12,1086.7314453125,1102.7873270518787,1073.4156370472006,1099.458434885726,20490321
2022-05-13,1099.050537109375,1122.3304948076038,1093.9551898739935,1098.7788299822744,19308778
2022-05-16,1099.322509765625,1123.689419002713,1094.544153545097,1102.60611718799,13437911
2022-05-17,1145.4971923828125,1150.3661168047677,1101.4962137094635,1102.9002734069516,16551828
2022-05-18,1149.6641845703125,1163.9990123371506,1136.0313867118257,1150.2530031709177,17276788
2022-05-19,1123.1683349609375,1137.9561265637965,1116.918112875952,1125.0480019185666,14699118
2022-05-20,1188.660400390625,1197.6961004424857,1133.2006360812218,1137.956229855782,21793091
2022-05-23,1180.711669921875,1201.8402528023153,1174.416043471332,1191.8533389891315,15252755
2022-05-24,1184.7652587890625,1194.7973375363194,1176.5448004718992,1180.7569797022973,13527818
2022-05-25,1183.0216064453125,1203.2670225299603,1178.2658929997126,1193.4387237828619,12714544
2022-05-26,1171.7440185546875,1193.3934954511844,1154.0348942869591,1188.637781781663,17882023
2022-05-27,1166.3089599609375,1179.9191164627784,1150.4568600156867,1174.4388502012214,16521973
2022-05-30,1206.9356689453125,1211.1024440039564,1174.959644745959,1184.3802630005096,13853398
2022-05-31,1192.374267578125,1213.2764285050255,1184.6973432373502,1196.337262181718,70620653
2022-06-01,1192.7593994140625,1202.587698682473,1184.9238588339676,1193.121675611818,9776989
2022-06-02,1233.8843994140625,1237.575687367432,1192.9858825014019,1192.9858825014019,22126569
2022-06-03,1258.8853759765625,1276.0283243723425,1241.9009234208313,1242.8068535360608,23939791
2022-06-06,1253.4730224609375,1274.5110388345443,1246.3395117355965,1259.1119042533815,11093152
2022-06-07,1255.828125,1264.139152836091,1246.4527910651425,1254.5372764842177,12358255
2022-06-08,1233.7711181640625,1259.564728048269,1230.260968517713,1255.8281557796806,12479250
2022-06-09,1267.60400390625,1269.5288357275542,1227.4075206691546,1227.4075206691546,17278305
2022-06-10,1229.33251953125,1263.5957731905057,1223.5577842447772,1255.4432409626409,18093057
2022-06-13,1206.0751953125,1210.5590824670344,1184.9692504760867,1200.232652493234,17620803
2022-06-14,1190.3134765625,1210.1286894158018,1183.6782159302647,1200.2551062805883,14714312
2022-06-15,1175.910888671875,1194.4805402025763,1170.5211912252462,1185.5354082981676,11195535
2022-06-16,1159.4698486328125,1204.331357067944,1156.752298028243,1188.0036507794862,17111475
2022-06-17,1173.057373046875,1188.8415454022556,1157.7035234680366,1159.4698594973618,24457187
2022-06-20,1151.79296875,1185.331550638825,1141.8513382748356,1179.851164692969,12066797
2022-06-21,1170.3851318359375,1174.597191210546,1145.1122963870148,1159.4697654774316,11720049
2022-06-22,1134.8311767578125,1158.6999555030718,1132.7477291666964,1158.6093864513275,10617206
2022-06-23,1116.4200439453125,1143.6178348788872,1107.3843432520748,1139.111305663959,19446323
2022-06-24,1132.3175048828125,1137.2768791745684,1117.8014186070498,1123.2365200121847,14240234
2022-06-27,1128.9658203125,1152.6534598644344,1123.9383995696694,1152.6534598644344,15474529
2022-06-28,1144.840576171875,1147.67133814574,1124.187598454475,1124.187598454475,13572847
2022-06-29,1168.59619140625,1176.2279518820312,1132.7477384681235,1135.555858296585,19205146
2022-06-30,1175.616455078125,1184.7880089664673,1162.1874370508547,1168.5282289340553,23112959
2022-07-01,1090.943359375,1173.9631898181497,1071.150907551117,1166.2183382001654,81997149
2022-07-04,1093.2080078125,1106.025565464495,1071.6490989100685,1077.4691189892487,41857728
2022-07-05,1102.0626220703125,1116.3974516386227,1094.7479726674217,1097.4202390673574,17647327
2022-07-06,1092.3699951171875,1106.0027924376789,1081.5679595799388,1096.106567126978,23943726
2022-07-07,1081.61328125,1102.0624779330788,1075.6800503518655,1098.7335863010783,23301033
2022-07-08,1083.1080322265625,1095.155633472675,1079.0996326989614,1095.155633472675,19010108
2022-07-11,1097.8277587890625,1100.046939975301,1073.4154479368833,1076.3594210782474,13847467
2022-07-12,1096.26513671875,1104.983845261713,1088.8146344584836,1088.8146344584836,10778989
2022-07-13,1076.8348388671875,1102.402142980226,1074.7741536418605,1099.3676009909502,14224132
2022-07-14,1085.7120361328125,1102.379494520794,1076.563125697215,1081.5679036455379,16970315
2022-07-15,1087.818359375,1093.7968755659167,1079.348834704648,1093.7968755659167,9603210
2022-07-18,1097.0804443359375,1098.3258884954794,1083.5154537448523,1096.5142680086967,15160908
2022-07-19,1103.806396484375,1108.2902834767385,1087.1389350761635,1087.1389350761635,16439888
2022-07-20,1133.6534423828125,1151.543703777921,1126.0670869457035,1150.4114709277653,23924246
2022-07-21,1126.08984375,1132.2949020971544,1117.484465892399,1129.577351299841,16523230
2022-07-22,1133.6988525390625,1139.6773678755283,1130.030207237111,1132.2947927493988,10969995
2022-07-25,1096.242431640625,1117.5522733397709,1088.361726850526,1117.5522733397709,23110452
2022-07-26,1096.74072265625,1106.886133119494,1092.143624721455,1096.5595845623452,11303288
2022-07-27,1095.6990966796875,1099.2317688342157,1087.908840568981,1096.0387306174957,8655086
2022-07-28,1112.86474609375,1117.7788361232904,1096.5143960795697,1103.3081533989875,12496073
2022-07-29,1136.5748291015625,1140.0396942059215,1115.989778235377,1120.8359411287292,15130683
2022-08-01,1166.19580078125,1172.038463313215,1135.7370437974075,1140.968245399228,15700044
2022-08-02,1170.63427734375,1181.1193216829413,1160.1718752661886,1165.1313691654111,13917913
2022-08-03,1180.4625244140625,1182.11564904104,1162.8440902328596,1177.586478112168,14250977
2022-08-04,1164.859619140625,1185.6259288355277,1148.1469933470867,1182.1157790494954,14467127
2022-08-05,1147.6939697265625,1167.9846710602349,1144.5009315875282,1166.7165845896059,13942438
2022-08-08,1162.708251953125,1170.1361123075012,1146.3352600049257,1146.3352600049257,10165178
2022-08-10,1169.6605224609375,1173.0120563323646,1158.1336946618562,1167.1241099957583,10724688
2022-08-11,1173.5556640625,1182.0704726435374,1168.618812190309,1178.990645714219,8198226
2022-08-12,1192.53271484375,1196.314571208688,1169.5245850188705,1173.1931102851886,12650587
2022-08-16,1200.8212890625,1203.5388398516432,1189.9513255065965,1198.511418811862,6607378
2022-08-17,1207.0943603515625,1212.416131193261,1202.746326698674,1207.0264335570182,6595965
2022-08-18,1209.2833251953125,1212.7820913718717,1199.6955520359063,1208.6925853891362,7410035
2022-08-19,1187.72216796875,1209.464997552082,1183.6779742626552,1204.148579928399,9460724
2022-08-22,1184.427734375,1195.651309470641,1175.0672431781986,1189.1535324408326,9471680
2022-08-23,1202.694580078125,1205.6027266806439,1177.4982950302235,1178.7024907985585,9678484
2022-08-24,1199.490966796875,1213.2365143204822,1197.4917062121833,1199.6500999587201,10369622
2022-08-25,1195.9921875,1210.0102083418858,1191.6981161929027,1203.671444195302,7871946
2022-08-26,1189.60791015625,1204.148643044039,1184.6096383933834,1196.4238336256965,10742038
2022-08-29,1180.3609619140625,1206.4205794013706,1171.4547933496005,1174.6128173581192,19838975
2022-08-30,1198.673095703125,1201.9902529871206,1170.795945790086,1187.790382333822,23139054
2022-09-01,1163.4346923828125,1183.6780172121637,1159.0270403092493,1173.5450568236956,19909939
2022-09-02,1149.8482666015625,1170.2278880627014,1147.6671567250864,1163.4346809089884,12999345
2022-09-05,1167.7060546875,1173.0224725362493,1150.0754462865928,1150.0754462865928,11327815
2022-09-06,1179.9974365234375,1184.1552111927028,1168.7057123414318,1169.1601553219334,10899618
2022-09-07,1173.1361083984375,1179.1114147484413,1167.796974159679,1170.0689487334319,7488501
2022-09-08,1174.7945556640625,1180.519984126391,1168.2513462113554,1176.0896159479148,7057077
2022-09-09,1167.4788818359375,1185.9727033347192,1165.0704903678632,1185.9727033347192,8314850
2022-09-12,1180.542724609375,1186.8816091364133,1168.046804859231,1168.046804859231,7435419
2022-09-13,1190.403076171875,1194.9243089400052,1181.8832020191865,1189.607891122723,8888657
2022-09-14,1176.135009765625,1185.9726599528265,1169.046493026583,1170.0688394223355,8678219
2022-09-15,1164.479736328125,1183.0417041001508,1161.7760353689525,1173.7039298739198,10365600
2022-09-16,1135.6256103515625,1160.0721402601105,1131.8995628990685,1155.8689337357673,20217708
2022-09-19,1137.1025390625,1146.3040180403946,1127.5147655140897,1135.6257495827476,7580254
2022-09-20,1137.2841796875,1153.119972213298,1133.5808482063046,1146.1903481529216,8411448
2022-09-21,1140.419677734375,1150.9843653188254,1133.7173348356014,1134.5125199123227,9207309
2022-09-22,1129.673095703125,1137.3523524884633,1123.3116153435435,1129.6276634257686,10308170
2022-09-23,1108.498291015625,1134.1488981287762,1106.9533532004177,1129.1733426023927,9528051
2022-09-26,1080.2574462890625,1098.6378053004141,1079.257816102584,1087.8458377106697,12479523
2022-09-27,1088.8455810546875,1102.3638454814661,1072.4191704410875,1087.8231145473603,16154822
2022-09-28,1059.8551025390625,1080.5528678614462,1057.4241154049128,1072.5327497220442,16997059
2022-09-29,1056.6064453125,1075.7818731361092,1051.017313085339,1072.3739712142797,14671827
2022-09-30,1080.4393310546875,1091.458340177691,1050.108360317172,1050.108360317172,18613024
2022-10-03,1076.6905517578125,1098.251530811662,1073.7369732258553,1086.687214378407,11852723
2022-10-04,1096.5474853515625,1098.7285948569065,1086.073664575446,1089.5498341414104,8948850
2022-10-06,1100.5919189453125,1113.2695695159011,1098.797103333005,1103.727347518156,13352162
2022-10-07,1105.2493896484375,1110.4976589700225,1097.2065545320427,1097.2065545320427,7714340
2022-10-10,1093.1851806640625,1098.547030597458,1085.0969133921378,1092.8216022630288,6329527
2022-10-11,1071.4195556640625,1096.911150105876,1068.329679997323,1096.911150105876,9215177
2022-10-12,1079.3033447265625,1082.2342073300697,1064.6944639855953,1068.7386577474495,7417103
2022-10-13,1082.7340087890625,1087.8231445652352,1072.419200033899,1077.5538882747444,7328492
2022-10-14,1077.2357177734375,1097.9789154976827,1076.508681223135,1097.3654596284905,9106089
2022-10-17,1094.5255126953125,1096.911067683068,1064.9216983657,1070.1018190034106,16729355
2022-10-18,1113.8372802734375,1119.1764135169963,1099.7055601937943,1100.5461774083603,12415820
2022-10-19,1133.2174072265625,1148.6441893082867,1109.497912475689,1115.3142054707246,19247142
2022-10-20,1136.261962890625,1144.6228248019718,1129.1734452455337,1129.1734452455337,8717053
2022-10-21,1123.084228515625,1143.6229813098248,1120.994103570685,1139.4879233106462,8243452
2022-10-24,1126.8331298828125,1137.1252236758137,1115.6778227953112,1117.8133802746593,3370033
2022-10-25,1109.4296875,1135.5347355693707,1107.8166013928017,1135.5347355693707,12233241
2022-10-27,1113.7919921875,1121.6530982836084,1105.453847178534,1116.904583955269,12513059
2022-10-28,1147.87158203125,1151.8929390234955,1117.5633290375395,1120.085180684718,17609592
2022-10-31,1158.52734375,1163.684748855419,1150.620804946696,1154.6195667238408,12419943
2022-11-01,1149.5528564453125,1181.428644108962,1139.6243422706675,1181.428644108962,13963166
2022-11-02,1156.732421875,1158.7999512079832,1142.805264482869,1150.6662509085427,8981896
2022-11-03,1161.0491943359375,1163.0485752218901,1147.3719146666933,1149.5530246719463,6693449
2022-11-04,1178.1343994140625,1181.428720196316,1159.2088516372303,1160.4810755593053,12575815
2022-11-07,1184.427734375,1186.1090891689403,1169.6145286927685,1177.3392175630618,11789748
2022-11-09,1183.2464599609375,1191.4028762322173,1176.9075752515669,1186.109174333478,11254205
2022-11-10,1168.9329833984375,1179.8611290593667,1164.616195791804,1176.8848340514855,5966242
2022-11-11,1195.8785400390625,1197.7869359415272,1175.9759587388326,1181.4286729917058,12310132
2022-11-14,1190.0850830078125,1200.5134736804264,1183.7689145270133,1195.4015009715274,9043112
2022-11-15,1184.745849609375,1193.4247362453084,1176.8847439241665,1191.5617725862496,7086433
2022-11-16,1177.95263671875,1188.6763362500183,1172.954245151571,1185.972635134196,9716161
2022-11-17,1180.9971923828125,1187.3359568517499,1172.3409009131724,1174.5901593039591,6661451
2022-11-18,1180.3609619140625,1185.518366679259,1168.2967693410817,1184.495900066872,5303197
2022-11-21,1159.117919921875,1175.9759375856167,1155.5736016352212,1175.9759375856167,6390268
2022-11-22,1165.547607421875,1167.1152613187112,1152.5746494360667,1156.4369938334312,6611488
2022-11-23,1161.9124755859375,1171.3866679891707,1159.7313656787815,1170.0688915510787,6413408
2022-11-24,1171.9320068359375,1178.7024981272687,1157.8911489931052,1165.9794167577484,9389439
2022-11-25,1189.4261474609375,1192.7431844497548,1173.295044904841,1176.430472976704,7349922
2022-11-28,1230.2989501953125,1236.4332684225644,1136.8978915395971,1185.472802558626,31527484
2022-11-29,1232.4119873046875,1241.2500078770877,1224.1419904117938,1228.6632233258865,11058913
2022-11-30,1241.1136474609375,1247.5206802015884,1226.0504438987869,1232.54834119291,26164986
2022-12-01,1237.4556884765625,1251.8600031393141,1234.1386516701657,1245.8619813701127,9485801
2022-12-02,1236.9332275390625,1248.6793948058917,1227.1410088571656,1240.50026242272,11589592
2022-12-05,1218.8936767578125,1234.4794719283639,1216.871700030192,1232.3210781772725,14828536
2022-12-06,1222.415283203125,1225.5051588426245,1209.146894711336,1211.0099786652759,8594245
2022-12-07,1204.375732421875,1224.5963402295367,1200.5815364526634,1220.0523915216042,8462111
2022-12-08,1203.8077392578125,1210.9645247591304,1199.6500849785011,1208.6925503476532,7757008
2022-12-09,1185.563720703125,1208.6924740397408,1182.2692798901842,1202.330873974504,12655763
2022-12-12,1187.3812255859375,1191.8797417479038,1174.612713657261,1174.839995212842,9479842
2022-12-13,1192.7886962890625,1196.4237590933476,1184.473147579326,1187.381293975718,8333348
2022-12-14,1188.4720458984375,1199.1275984061572,1186.4272326920325,1198.5368585654778,7268947
2022-12-15,1171.5911865234375,1188.2447615787812,1168.2514331327313,1182.5648851623062,8688551
2022-12-16,1165.797607421875,1189.9715469866571,1162.4124217557498,1168.2514313366491,15837349
2022-12-19,1181.110595703125,1183.246273075343,1166.2972711057284,1172.7951677670053,7729933
2022-12-20,1191.334716796875,1193.2431129001116,1165.9794185762812,1174.1131186326063,7467588
2022-12-21,1174.3856201171875,1196.4237592798247,1170.5687080191292,1190.9710448813423,8527550
2022-12-22,1171.3411865234375,1183.541675654874,1166.3200787009303,1180.5199485444361,7451122
2022-12-23,1136.989013671875,1177.1122091165366,1132.4677804528467,1164.7525851270543,10257115
2022-12-26,1146.91748046875,1155.073896863254,1132.5358801607608,1142.6916774565434,5990242
2022-12-27,1156.30078125,1158.1637450751377,1142.9188116159999,1149.6211545027727,5763271
2022-12-28,1156.1871337890625,1158.6181211536698,1145.7587436629801,1153.2562711921107,7459393
2022-12-29,1155.66455078125,1158.209118855438,1147.5762834083114,1148.2578877514563,6930648
2022-12-30,1157.4365234375,1170.9775038842033,1154.6647942823151,1156.4823255378853,7289476
2023-01-02,1170.4779052734375,1171.8865462707408,1157.8911210447166,1158.7090222381169,5316175
2023-01-03,1161.9124755859375,1169.160125804233,1157.7093889350726,1165.5476587645308,7658932
2023-01-04,1144.418212890625,1163.7300547153022,1142.3506838068283,1161.8896870062515,9264891
2023-01-05,1142.37353515625,1152.5293324862785,1137.806869836127,1146.6676067944138,13637099
2023-01-06,1152.75634765625,1157.7774553339088,1144.3046224842542,1148.0988183662998,6349597
2023-01-09,1179.9747314453125,1182.3376907366148,1155.6873320113693,1156.57338165,10722753
2023-01-10,1162.52587890625,1184.155127696438,1156.891435377878,1184.155127696438,8047142
2023-01-11,1147.87158203125,1162.344044167369,1145.5767715508584,1159.8449086559888,11509553
2023-01-12,1123.084228515625,1150.7569299071174,1120.0852177263125,1147.280880250268,17688773
2023-01-13,1121.266845703125,1123.675117069892,1106.2717897707075,1117.0863548772086,20618583
2023-01-16,1110.5885009765625,1126.7421991055548,1102.8182596793808,1123.584175159578,13623855
2023-01-17,1126.35595703125,1128.2643528903968,1113.542012722695,1116.9044817084298,10751000
2023-01-18,1124.492919921875,1131.9450149571076,1117.9724269094495,1123.947732620178,13448286
2023-01-19,1123.288818359375,1127.4237562572607,1116.2910462380278,1123.674992689111,11940054
2023-01-20,1109.9295654296875,1124.6291897175156,1107.4758620574123,1124.6291897175156,14930286
2023-01-23,1104.3177490234375,1120.6305800710875,1101.9094778576764,1112.8150268033937,10954118
2023-01-24,1097.7972412109375,1110.3839043654414,1084.8014472016187,1108.7253859560433,16488755
2023-01-25,1082.620361328125,1097.2292417944516,1081.4617181061994,1096.2068953996695,12385018
2023-01-27,1062.0816650390625,1084.8014072954272,1050.403647808396,1083.4610350495245,25830975
2023-01-30,1072.2601318359375,1077.7809941168787,1045.5643456626856,1059.5143365330093,21772103
2023-01-31,1069.579345703125,1084.9379802131518,1063.7403362487162,1082.3705756526113,22691594
2023-02-01,1063.240478515625,1081.438989315294,1047.3819702702858,1081.438989315294,19347800
2023-02-02,1057.3560791015625,1066.9210156997124,1050.1084290116537,1053.2891691648742,13662663
2023-02-03,1058.2874755859375,1067.3753725425988,1041.929212987467,1067.3753725425988,24699575
2023-02-06,1050.3128662109375,1054.6523697762398,1047.7455820077842,1051.9259524136774,14837879
2023-02-07,1047.791015625,1057.560517598404,1041.9292904027159,1050.5628652677376,15135435
2023-02-08,1068.7159423828125,1072.3284093286718,1048.290888887822,1051.017186057536,21160332
2023-02-09,1070.5789794921875,1077.3040386110727,1060.559599329042,1069.3976200283605,13172763
2023-02-10,1061.7635498046875,1070.0562610401787,1054.7884945677279,1070.0562610401787,10790445
2023-02-13,1055.7203369140625,1067.8299624778901,1051.2672523692866,1063.3768779331142,10352493
2023-02-14,1080.598388671875,1082.3250555378218,1055.8565481440585,1058.7192622894795,14321920
2023-02-15,1105.0675048828125,1107.4531801088635,1078.2809718116707,1079.6440602664363,33503591
2023-02-16,1104.2041015625,1119.5400175721072,1101.9321273600988,1113.0194047366483,17264487
2023-02-17,1108.81640625,1112.1335637259278,1095.3662876043543,1099.6376431744663,11809520
2023-02-20,1097.093017578125,1113.1558521216361,1095.1390690194628,1110.9974583087273,8836937
2023-02-21,1106.044677734375,1111.8154187780797,1096.1614739086865,1101.4552961916092,13311592
2023-02-22,1080.9617919921875,1104.181409716533,1079.2124090771258,1102.34116225432,11024335
2023-02-23,1075.78173828125,1088.1640768500556,1072.9872927091903,1080.5529686414243,9851910
2023-02-24,1083.1429443359375,1088.800224148405,1076.0089953829322,1077.8265267799054,9434053
2023-02-27,1075.9407958984375,1085.8467152410444,1068.6024012348664,1082.3705449963543,11199715
2023-02-28,1055.356689453125,1075.55458156191,1051.3126158801917,1070.6016220746747,21994038
2023-03-01,1065.0579833984375,1065.7850199744744,1055.6746563210354,1065.1034156724897,11551145
2023-03-02,1056.947021484375,1068.5796069332716,1054.9249246750653,1061.9226969308686,9333535
2023-03-03,1083.9154052734375,1087.5733043694927,1063.9902277008234,1067.443561368033,14643807
2023-03-06,1094.5028076171875,1101.7277412564927,1090.5495987349282,1090.5495987349282,10171916
2023-03-08,1098.433349609375,1099.1831022898903,1083.7336057675889,1094.5027369272827,15782657
2023-03-09,1072.032958984375,1098.2288726400263,1070.147279158801,1097.8199821583767,16235128
2023-03-10,1055.4246826171875,1065.103318593771,1051.9485130130206,1063.967391654798,13334091
2023-03-13,1038.06689453125,1065.1034247048499,1033.750107312473,1058.287501818403,12771592
2023-03-14,1034.1820068359375,1047.3594118740934,1031.046698611293,1036.0222546404123,16027522
2023-03-15,1016.5057983398438,1044.3375136051593,1012.120862693993,1037.8851690827282,21728555
2023-03-16,1011.4393310546875,1024.207844384365,1000.6701985245505,1019.2095726723305,18363159
2023-03-17,1010.1670532226562,1023.2763079373278,1005.4413153341551,1020.0047033408911,34014213
2023-03-20,1000.238525390625,1008.7584596340857,990.5826039210764,1006.4864851819102,19524589
2023-03-21,1031.341796875,1033.2957451749278,1007.3951430408976,1008.2811925498517,21400360
2023-03-22,1034.4771728515625,1041.2249475152355,1031.47816188993,1038.294084967167,10920094
2023-03-23,1021.3905639648438,1031.4326586917537,1019.2321704434514,1030.569325321436,16249370
2023-03-24,1001.1699829101562,1022.3902814688943,998.7617116838695,1020.231887763167,12375945
2023-03-27,1016.7329711914062,1024.207782359069,999.7613722312702,1007.6224178329715,14054323
2023-03-28,1021.4815673828125,1025.3439120336418,1016.4831753805086,1020.1183586375283,12576424
2023-03-29,1015.4380493164062,1020.0274303318191,1004.7142894261991,1017.3918775634875,18804065
2023-03-31,1059.2191162109375,1064.8536804760474,1024.5260415402947,1024.6623383806666,28171201
2023-04-03,1059.4007568359375,1067.3754434349298,1051.9259454677697,1065.5579119993613,10293043
2023-04-05,1056.856201171875,1066.9210129823457,1048.995215362799,1066.9210129823457,16262928
2023-04-06,1063.94482421875,1069.647537063385,1053.357419977002,1053.357419977002,18435046
2023-04-10,1056.4017333984375,1068.0116029231133,1054.9022279148219,1067.829873819937,12961408
2023-04-11,1061.6273193359375,1063.7402807994256,1056.0383079017138,1060.559540630498,10542367
2023-04-12,1066.3076171875,1075.9179854968688,1058.7646577412916,1061.6272515959452,18179087
2023-04-13,1070.3289794921875,1075.0092249147228,1064.1946609026813,1069.1929322468407,12378208
2023-04-17,1075.7589111328125,1101.8866740573628,1067.3980510351955,1101.8866740573628,17929479
2023-04-18,1063.44482421875,1080.098395721067,1056.9242116194696,1080.098395721067,10405576
2023-04-19,1068.738525390625,1071.419389949788,1059.741493449773,1062.854084774079,12273475
2023-04-20,1066.034912109375,1071.9193532094926,1059.6961482625013,1069.692811176778,7007330
2023-04-21,1067.3753662109375,1072.828080314349,1061.6499382780762,1068.1251189073266,7647317
2023-04-24,1071.465087890625,1081.8706418346944,1066.9210188410907,1079.1897769115358,12936186
2023-04-25,1079.6668701171875,1081.7343994033272,1068.0571198634168,1075.1002048906516,9236126
2023-04-26,1073.328125,1084.2336751201349,1069.6702254865136,1081.0073822687018,8617834
2023-04-27,1080.1212158203125,1083.2792397187284,1074.191342363561,1079.189733985385,9167125
2023-04-28,1099.8646240234375,1101.409681900637,1082.2568535921685,1082.3704342762564,15565210
2023-05-02,1109.20263671875,1111.361030519598,1103.3181951274973,1106.9988106394346,12981805
2023-05-03,1099.682861328125,1110.997299985596,1096.4794053699195,1110.997299985596,7061872
2023-05-04,1112.3604736328125,1114.564299341236,1097.1836913545592,1100.159985858142,8635233
2023-05-05,1109.5205078125,1118.4266754436653,1106.9077915916328,1109.1797657715506,8746585
2023-05-08,1123.2208251953125,1128.5599594768491,1110.6113241430285,1113.2694731180964,9153782
2023-05-09,1126.6968994140625,1129.9913407668835,1119.2902356444074,1124.6293700397016,6464721
2023-05-10,1134.4442138671875,1135.9210031175069,1127.4464419348942,1131.4452030936898,10872255
2023-05-11,1127.03759765625,1140.3058651251242,1125.3335267806174,1135.51203899488,10557860
2023-05-12,1128.8778076171875,1130.2637323324755,1116.2228762779578,1122.2663301444138,6955341
2023-05-15,1131.1043701171875,1138.056589765274,1123.7885720856236,1131.3998000896127,6833343
2023-05-16,1114.9962158203125,1135.8074445597895,1113.3375770795326,1133.2628763872494,8717229
2023-05-17,1108.4073486328125,1120.0852459817609,1103.7271032383842,1119.1764803056624,8798967
2023-05-18,1106.0218505859375,1116.4502407386783,1102.8864225456616,1113.0649351771951,10525531
2023-05-19,1109.6114501953125,1111.4291017814717,1099.1149119209986,1106.0218196807168,8050447
2023-05-22,1115.5413818359375,1120.5397737195674,1105.2494084549478,1106.4534840047638,7434906
2023-05-23,1115.3370361328125,1121.448639556367,1113.9283950164865,1118.1088860837262,6092034
2023-05-24,1108.8389892578125,1119.630957590089,1105.749113749558,1111.4063935962217,8112254
2023-05-25,1108.70263671875,1112.8149786046417,1097.842640709934,1105.9536236071287,11487863
2023-05-26,1138.94287109375,1140.0787982471202,1113.6102893364032,1116.904610291511,12626260
2023-05-29,1145.3497314453125,1149.6210865747194,1139.2608448772517,1145.5314605509366,10010304
2023-05-30,1145.0543212890625,1153.1198717474913,1142.50963326853,1145.3496310598186,11342504
2023-05-31,1122.3118896484375,1140.4650896335454,1118.2678159183406,1135.9892890678166,27107927
2023-06-01,1119.2901611328125,1129.1279320638168,1116.9046059479208,1126.969538270473,14592692
2023-06-02,1115.6322021484375,1128.1962696801756,1113.7238061790024,1122.8117036497752,15800644
2023-06-05,1125.6517333984375,1128.6053121788445,1117.1090229973545,1121.085068396339,10908682
2023-06-06,1126.6058349609375,1130.4000307352399,1118.7221336360576,1128.4689187387335,7493309
2023-06-07,1135.1485595703125,1135.989176828128,1123.5386905370437,1130.0820196952836,10312545
2023-06-08,1135.830078125,1143.6457515710592,1131.899585359948,1138.7155083681228,12071109
2023-06-09,1127.7874755859375,1139.8743850627466,1125.9925399615922,1139.170064535181,5877018
2023-06-12,1128.787109375,1131.0818000837537,1120.085385478967,1124.8566162073034,6391969
2023-06-13,1145.463134765625,1146.6446141516476,1129.7410455483066,1133.7170902653988,11248016
2023-06-14,1159.549560546875,1160.9809175855808,1143.7138887627082,1145.5314201372407,13277380
2023-06-15,1159.867919921875,1164.4118693848873,1152.120393540196,1159.5270576069752,11813494
2023-06-16,1171.159423828125,1173.4313981302719,1163.3437504987226,1163.3437504987226,24171579
2023-06-19,1159.52685546875,1174.1584519189826,1155.3692013285906,1174.1584519189826,6798554
2023-06-20,1161.9351806640625,1165.070488566,1151.893084884151,1157.5957972211602,6921096
2023-06-21,1165.206787109375,1167.7286388194623,1157.8001247424693,1161.889630244124,6961603
2023-06-22,1152.1201171875,1169.2962804989265,1150.5297472760415,1161.4352954861522,7619166
2023-06-23,1142.6915283203125,1151.1659695700039,1141.441900396204,1149.1211566554268,6628570
2023-06-26,1133.96728515625,1142.9870354453747,1130.8546930683367,1139.1701227938759,12641159
2023-06-27,1134.3760986328125,1140.3058517527372,1129.9230146151945,1134.4215309070003,9689466
2023-06-28,1149.3939208984375,1153.1881169201986,1135.0122016455275,1141.896393407388,11354006
2023-06-30,1158.8226318359375,1161.7307784588775,1151.1888070463274,1157.0732487107562,11151555
2023-07-03,1188.5628662109375,1191.425580555085,1161.1400387375704,1162.3669506539804,12154387
2023-07-04,1176.31689453125,1192.7887391966194,1169.2736896643748,1192.7887391966194,8061643
2023-07-05,1174.3856201171875,1185.5183304828597,1170.432411192628,1185.5183304828597,10248062
2023-07-06,1199.0367431640625,1201.626743759331,1170.5461356600117,1170.5461356600117,19117987
2023-07-07,1196.6966552734375,1210.9419594439871,1194.151966693268,1197.33282741848,13375267
2023-07-10,1242.7947998046875,1252.3144236363512,1215.508392547687,1221.8244401255106,33240016
2023-07-11,1256.2677001953125,1258.6759714064597,1243.9536302912918,1250.9058502676546,20069348
2023-07-12,1257.653564453125,1273.2166423107678,1254.8817149747802,1256.9946762890331,18733835
2023-07-13,1246.4073486328125,1271.8535100977601,1243.794632147719,1264.992154591986,14682934
2023-07-14,1245.3623046875,1254.5410670168455,1238.2736675009803,1249.5881074417618,15124144
2023-07-17,1270.8084716796875,1279.1466167196916,1239.5914489485467,1248.225023984058,22220040
2023-07-18,1281.6002197265625,1289.3249082218795,1269.1270172578058,1280.0325658904894,25867313
2023-07-19,1291.3243408203125,1297.7540895736324,1270.944719940005,1285.9397747939042,39122156
2023-07-20,1289.760498046875,1295.224991076979,1270.1421687973038,1270.1421687973038,38717624
2023-07-21,1249.834716796875,1287.3235564344566,1242.3763715855305,1284.4190157057792,30249238
2023-07-24,1224.554931640625,1238.1179088392782,1215.6443158350814,1221.4042392370138,23727866
2023-07-25,1223.767333984375,1233.3179681079685,1220.9119513502328,1227.8041962368873,12026020
2023-07-26,1243.65625,1253.8961800235134,1223.3733833366434,1223.3733833366434,12911012
2023-07-27,1232.087158203125,1249.2931304965796,1226.0072859774648,1247.5209111436616,17226898
2023-07-28,1244.468505859375,1251.85305275367,1231.0286064735196,1236.6900924258125,20827852
2023-07-31,1255.0037841796875,1257.2929457124803,1239.5946718037708,1244.468545022099,8551174
2023-08-01,1237.25634765625,1259.803857697837,1233.3672005487501,1257.8346449464532,9536632
2023-08-02,1224.0380859375,1236.665614699006,1212.8381883521488,1235.2871417271826,12748214
2023-08-03,1218.8934326171875,1231.201012494138,1210.1058926997707,1218.5981228148664,10168350
2023-08-04,1235.45947265625,1238.6348041373592,1216.776590964359,1230.1672134573323,22885610
2023-08-07,1242.49951171875,1244.7393951840495,1233.2195480808575,1241.0963994857652,5982870
2023-08-08,1235.016357421875,1247.7178038434138,1230.536470478926,1244.5424722858313,9844072
2023-08-09,1243.1639404296875,1245.034716513302,1221.453442754676,1233.1456430382627,11486586
2023-08-10,1248.702392578125,1255.3731247892663,1234.9179033647526,1243.0409059369185,15470598
2023-08-11,1253.9698486328125,1259.7298913109014,1236.8377961469016,1246.7330167804962,22179330
2023-08-14,1268.788330078125,1271.274485095857,1243.065489745762,1249.9577340453427,9575812
2023-08-16,1267.7545166015625,1271.5207081344915,1255.8654425931288,1255.8654425931288,10203112
2023-08-17,1249.4654541015625,1269.2068594315797,1246.930140835009,1263.791524524126,13673744
2023-08-18,1258.7208251953125,1268.960755625946,1234.9671961841154,1246.142454602955,18639978
2023-08-21,1244.986328125,1262.5000997685252,1242.8371963360953,1254.8424457661688,9221746
2023-08-22,1244.68994140625,1253.8544488619668,1234.6115281978846,1243.4548358358238,7713044
2023-08-23,1246.0733642578125,1256.275409297995,1243.4796423923776,1247.0614487779783,9517952
2023-08-24,1225.1258544921875,1254.8177179260883,1220.7782590700385,1254.8177179260883,14140020
2023-08-25,1219.4691162109375,1237.5757146480018,1206.747529523438,1213.3676467766436,22222400
2023-08-28,1207.315673828125,1227.2008731617648,1201.0660879981488,1221.272366528133,12580826
2023-08-29,1195.755126953125,1212.107851949824,1189.7277154191993,1211.4162410930335,16876644
2023-08-30,1194.6187744140625,1206.9451032694478,1193.1119215700844,1201.5106390304122,12168946
2023-08-31,1189.1595458984375,1198.0523052778192,1185.6517981191516,1197.0642209023324,21638600
2023-09-01,1191.950927734375,1198.3734766692594,1186.5164632510111,1188.9373425267036,18112842
2023-09-04,1190.987548828125,1197.3853714174265,1188.3197691016735,1191.950907028467,9347626
2023-09-05,1197.36083984375,1202.4741047382813,1191.852196412095,1195.5822395056102,8675876
2023-09-06,1199.8802490234375,1203.5608392350891,1194.2234900414205,1196.1256007292052,8200370
2023-09-07,1201.5107421875,1204.5985062247828,1191.1358550222296,1196.4220829309013,13652572
2023-09-08,1209.51416015625,1213.3677136631895,1197.039593881822,1205.463038004146,23109288
2023-09-11,1222.5570068359375,1223.6686019045655,1211.3916036780722,1211.3916036780722,13271074
2023-09-12,1204.8948974609375,1226.7068128830886,1203.462102676104,1226.7068128830886,16255666
2023-09-13,1210.9222412109375,1216.653058753229,1198.6699696902265,1205.4630504045967,12803338
2023-09-14,1212.0338134765625,1218.2093412827492,1207.9332388900991,1215.3438722575231,9209636
2023-09-15,1214.28173828125,1219.2962186489121,1210.156437431325,1219.2962186489121,25468592
2023-09-18,1203.7091064453125,1210.8974446523887,1201.5353689892672,1205.4877066299114,7516300
2023-09-20,1176.8826904296875,1199.3370070481767,1163.4694916701224,1197.089090701199,57081884
2023-09-21,1168.31103515625,1180.8103271156433,1165.9396084396587,1173.3255153106452,12226182
2023-09-22,1163.4447021484375,1177.0308632017375,1160.9992172819989,1173.8443150051187,19176786
2023-09-25,1156.281005859375,1166.2853600891797,1153.6379525434304,1161.196701468891,14254884
2023-09-26,1157.2938232421875,1161.0979239595738,1153.8849803976213,1155.3423807263628,10087782
2023-09-27,1170.336669921875,1171.769464855697,1155.3178333556975,1157.7880446735417,11722778
2023-09-28,1153.14404296875,1177.3026603074284,1148.6482103293206,1177.3026603074284,14518346
2023-09-29,1158.529052734375,1170.435518964013,1153.1440405649926,1156.9481416896208,12342014
2023-10-03,1145.263916015625,1153.885049186791,1144.2017734963838,1151.0936382938999,8859056
2023-10-04,1143.287841796875,1145.683994991749,1133.8764332853668,1140.743572417399,10286386
2023-10-05,1143.26318359375,1150.8219332922222,1140.743519950406,1145.8074528562056,10953682
2023-10-06,1145.1898193359375,1148.5493304183171,1142.2502923697696,1144.7205033692,5431026
2023-10-09,1135.4326171875,1142.200971985465,1133.8269798521974,1140.2989816654238,7576878
2023-10-10,1140.447021484375,1145.1404226117538,1138.1497733893898,1139.5331157395624,10236032
2023-10-11,1158.5537109375,1160.8509589721596,1142.7196339530417,1143.4359710357805,9814118
2023-10-12,1160.70263671875,1165.618452848462,1155.1446622546925,1157.9607991424273,12554450
2023-10-13,1160.6534423828125,1164.7045645712087,1150.6984190160554,1156.058825491677,10150316
2023-10-16,1158.0596923828125,1163.2471357038708,1154.0826283801794,1158.5290083696577,5929036
2023-10-17,1163.5928955078125,1165.791359182136,1156.701030917525,1163.9634271590728,7928180
2023-10-18,1148.154052734375,1169.397866963109,1146.6719261602773,1163.5928712145596,8918320
2023-10-19,1139.33544921875,1147.0672825471008,1136.7911799610206,1142.2256445327594,12032556
2023-10-20,1135.8524169921875,1143.559402581249,1134.4690747739153,1136.2970067050267,8913312
2023-10-23,1118.1162109375,1139.3847504014805,1114.1885998234964,1131.3565651682993,7853962
2023-10-25,1115.5225830078125,1127.0090643806484,1108.1366760976812,1111.6196977984057,11620688
2023-10-26,1099.9849853515625,1115.5473150342816,1096.9219477593886,1112.089019549233,15222534
2023-10-27,1119.40087890625,1123.204979852311,1104.6536704890175,1106.654565590137,11771084
2023-10-30,1142.47265625,1148.6481841216216,1121.4511352518443,1123.4520304054054,16813304
2023-10-31,1130.3192138671875,1150.1303563093797,1127.8490026208185,1150.1303563093797,12808438
2023-11-01,1135.0126953125,1144.942993469817,1124.0449807279863,1130.9368464684328,10309190
2023-11-02,1146.2767333984375,1148.302354744411,1140.2247162104195,1143.1889695269997,10562104
2023-11-03,1146.0296630859375,1153.5638066087804,1144.078220526126,1149.7349795725816,8850156
2023-11-06,1155.564697265625,1156.0587394619763,1148.9445800808262,1152.2546386732256,10647304
2023-11-07,1148.0552978515625,1155.614167696399,1145.9556184844287,1153.1192304428853,6960204
2023-11-08,1154.033203125,1156.552866758098,1147.042553778562,1152.1064866637696,7884494
2023-11-09,1141.50927734375,1154.0331752710283,1138.3720609954937,1154.0085696526105,14513610
2023-11-10,1143.6583251953125,1144.3747829309668,1135.3337858785344,1139.039102652828,7734954
2023-11-13,1143.5101318359375,1148.4505538682092,1142.0773370771153,1147.610585630105,3854810
2023-11-15,1164.185791015625,1166.9030232858888,1149.6362714370953,1156.0588204395372,12220648
2023-11-16,1166.285400390625,1172.9302438744137,1159.4923201233041,1161.542667627995,13134910
2023-11-17,1163.7410888671875,1172.48561138748,1162.011941225828,1162.4318047121262,7758634
2023-11-20,1160.6781005859375,1165.1490860409533,1154.2801575494677,1160.2828426994563,4490186
2023-11-21,1175.2769775390625,1179.7728099438689,1166.0384122376151,1168.9038812090425,8214450
2023-11-22,1179.87158203125,1182.9593458443583,1171.9669066696931,1173.3502489811203,8534814
2023-11-23,1183.47802734375,1185.701217125861,1179.8714953518393,1179.8714953518393,8531542
2023-11-24,1182.6875,1186.985763362465,1181.2795521879546,1181.5512995040292,6749486
2023-11-28,1182.9345703125,1185.553018040048,1173.4737106297225,1182.6875492177458,13792174
2023-11-29,1186.047119140625,1191.605094048659,1184.7379555197092,1189.6536514263266,12531306
2023-11-30,1174.5606689453125,1186.0471507278282,1170.8306260067593,1183.0828973645985,28439984
2023-12-01,1182.8853759765625,1183.922792325671,1174.6348945757863,1174.8324632282502,14342842
2023-12-04,1195.6810302734375,1210.4035134582498,1185.0097900344595,1210.4035134582498,15590990
2023-12-05,1204.3514404296875,1205.8830195816831,1196.3973123183705,1204.9689932142376,12693624
2023-12-06,1215.887451171875,1221.7417795681863,1202.992899973077,1208.9708595498532,16422442
2023-12-07,1213.886474609375,1215.813191043024,1206.4511149904754,1215.3438750518303,8142096
2023-12-08,1213.244140625,1223.5943006598802,1207.9331869400896,1217.2459307176134,10204894
2023-12-11,1215.0228271484375,1219.0986756148789,1211.589137099235,1213.3677374036308,7066138
2023-12-12,1197.5830078125,1217.7892853568703,1195.6561708810905,1215.3438006129375,9197124
2023-12-13,1202.4739990234375,1204.6478570918039,1188.8137803209581,1196.570218805253,10031182
2023-12-14,1217.39404296875,1222.7297228698085,1206.7721356331074,1212.3795628682321,16972354
2023-12-15,1232.9317626953125,1235.1055001292314,1220.3089603608373,1224.236571728094,15932152
2023-12-18,1245.4803466796875,1252.3474847954778,1230.634354917611,1232.9317234441762,14165188
2023-12-19,1263.8094482421875,1271.615218807123,1247.5553868731267,1262.2778691174958,16820604
2023-12-20,1248.518798828125,1283.9417239360823,1244.9864450577063,1270.207325538083,17736722
2023-12-21,1266.0079345703125,1271.4176728398502,1244.1218397625619,1248.44470925444,13765454
2023-12-22,1267.2430419921875,1275.0735389423144,1258.6466348491601,1264.550535970751,16541784
2023-12-26,1273.6656494140625,1280.53278845719,1266.0820526143013,1268.7005006679644,7465664
2023-12-27,1278.01318359375,1284.4603381656593,1271.2201029702012,1275.6170305456778,9204156
2023-12-28,1287.2518310546875,1290.4383794995902,1278.0132649417642,1279.470665481518,12302636
2023-12-29,1277.074462890625,1291.4264140714613,1274.2831724837226,1289.9937398232034,10864584
2024-01-01,1279.69287109375,1287.8940202608817,1271.2447008145452,1274.9006856426909,4030540
2024-01-02,1290.2900390625,1291.920402508132,1271.1706293129728,1277.099135940161,7448800
2024-01-03,1276.2593994140625,1301.3073179716814,1273.2456933698636,1289.4503036849235,9037536
2024-01-04,1282.8546142578125,1289.376067708453,1274.1842702494187,1278.5811975278393,9612778
2024-01-05,1288.3138427734375,1294.3165279752034,1283.521657474919,1285.9424160498672,8086406
2024-01-08,1278.26025390625,1300.2944657165137,1269.1698042070248,1289.4502625359673,7734652
2024-01-09,1274.8759765625,1287.8693113555237,1273.245613077726,1284.5098000629723,5403074
2024-01-10,1309.2613525390625,1313.658280108081,1272.1834593214687,1273.146817539874,11102740
2024-01-11,1343.6961669921875,1346.2651626289091,1312.6702888458758,1313.6583733689063,23725852
2024-01-12,1354.39208984375,1356.961085397271,1329.7147038034357,1343.6961234746648,15012164
2024-01-15,1377.5130615234375,1379.810309335981,1349.7231898438201,1358.6159487812977,8610594
2024-01-16,1358.24560546875,1379.6623844587446,1354.1697570573224,1373.4126778584214,9069024
2024-01-17,1345.35107421875,1369.7568331827044,1338.8791932605309,1343.30084717423,12197382
2024-01-18,1351.6500244140625,1354.663730119792,1335.1490629645289,1335.2972997496222,10279438
2024-01-19,1351.156005859375,1359.6041759840746,1342.8067406703178,1359.6041759840746,10422704
2024-01-23,1312.7442626953125,1355.4048574857818,1306.791150318716,1355.4048574857818,20055420
2024-01-24,1327.862060546875,1333.4200358723897,1308.1498229720294,1319.3151054787043,21919128
2024-01-25,1336.9522705078125,1347.895377764627,1319.2902616038493,1326.9479158139593,11808872
2024-01-29,1430.795654296875,1435.1925816017736,1343.9677382154596,1348.241154971167,23893438
2024-01-30,1390.8524169921875,1442.5786154279806,1387.6905949006082,1442.5538891928095,14093978
2024-01-31,1409.6258544921875,1417.159997760743,1385.7883192326594,1387.2704457772934,15130226
2024-02-01,1409.650634765625,1426.1515960154993,1401.1531330404457,1417.9011153905622,13349362
2024-02-02,1440.3306884765625,1457.3258137867138,1416.0980132616144,1416.0980132616144,19652588
2024-02-05,1421.8782958984375,1452.978230847658,1414.4676622830975,1443.344407147716,8814432
2024-02-06,1410.7869873046875,1424.6695010773788,1402.9069175392074,1424.6695010773788,9047984
2024-02-07,1424.966064453125,1432.2284612961826,1412.2197504708995,1418.8152626559165,9296568
2024-02-08,1432.845947265625,1442.0845126481563,1410.515263064875,1432.7224367107362,14694634
2024-02-09,1443.3443603515625,1454.4355841797649,1433.661084495157,1436.6747903139974,12556798
2024-02-12,1435.04443359375,1443.5913882496639,1425.163589047209,1443.3443671360003,6674430
2024-02-13,1447.6424560546875,1461.3768535820275,1436.6747431428453,1438.1568697691962,7715594
2024-02-14,1463.7235107421875,1465.9714268487612,1440.1329959711338,1440.1329959711338,7117888
2024-02-15,1453.076904296875,1467.0335965408115,1449.0505085860837,1465.674980481667,10006782
2024-02-16,1443.17138671875,1459.4007219371786,1441.170612214809,1458.8819534815811,9767498
2024-02-19,1456.4365234375,1461.8709880771921,1436.205517833802,1444.6289621484814,6729828
2024-02-20,1453.4969482421875,1457.9186020207894,1444.3818933388152,1457.4492860314679,7117496
2024-02-21,1450.2115478515625,1470.7884795851646,1440.1825868389801,1456.4365283424868,12720292
2024-02-22,1464.0941162109375,1467.2559381666686,1440.6271108051608,1450.6561919754163,18493728
2024-02-23,1475.82763671875,1479.7059164315408,1465.6750448712426,1471.7517883622584,14438584
2024-02-26,1469.6026611328125,1476.7169415654328,1464.8352018923576,1475.753583346703,7513106
2024-02-27,1467.94775390625,1482.0772898132236,1460.4383358684995,1465.3540321072526,10826044
2024-02-28,1438.280517578125,1473.505754549138,1432.8955052347949,1465.3293310903284,8647950
2024-02-29,1443.3939208984375,1461.3522847525776,1437.1936663872107,1447.5438276529026,23628976
2024-03-01,1474.3455810546875,1482.1267464736743,1445.0735778118324,1446.0616623094816,12132926
2024-03-04,1489.4384765625,1494.4282305064353,1469.503825173054,1472.7150995331629,10024420
2024-03-05,1482.32421875,1489.4384990399915,1468.3429205099196,1487.8328618357061,7107668
2024-03-06,1485.0909423828125,1491.0194491388315,1460.8828731290673,1475.654687549837,7805676
2024-03-07,1461.3028564453125,1485.1897258668157,1457.968071396935,1485.0662153094684,8315726
2024-03-11,1449.1246337890625,1471.2577496463198,1446.0615961097308,1471.2577496463198,11277130
2024-03-12,1457.844482421875,1470.269595576354,1447.568380480176,1449.1245651727334,9432678
2024-03-13,1415.10986328125,1465.4279903850718,1410.7622676768488,1462.142657909758,13522134
2024-03-14,1414.4180908203125,1431.2649780682007,1408.514310659922,1422.5450608782721,18571102
2024-03-15,1401.3260498046875,1416.1473166057365,1396.0645483366263,1408.9589780840722,19223818
2024-03-18,1422.32275390625,1424.5459437848976,1399.6462653903534,1403.0798345242215,9169392
2024-03-19,1408.267333984375,1420.4701525728194,1400.3626585436627,1411.7256294896865,8275764
2024-03-20,1426.5469970703125,1427.7821026954816,1407.0570544283007,1410.9352137218616,8488806
2024-03-21,1433.6856689453125,1440.5282013312483,1427.4608098953254,1435.217247937673,13006936
2024-03-22,1437.6875,1442.6031956703118,1430.1039041326171,1432.697625631682,19527608
2024-03-26,1424.3978271484375,1435.0939139473653,1421.853557874578,1427.7820647176966,11415906
2024-03-27,1475.061767578125,1482.1265951381042,1429.7581221098912,1430.74620650665,16326644
2024-03-28,1468.1451416015625,1488.0056133770977,1461.0309823617722,1475.0864584455267,21854364
2024-04-01,1467.0831298828125,1476.1734586788064,1464.8352136106084,1474.691331987126,5013880
2024-04-02,1469.2320556640625,1476.198098955644,1457.4244952875333,1466.3172549197961,8910166
2024-04-03,1454.0650634765625,1466.7619246317818,1451.397283687729,1464.4152240453116,7008292
2024-04-04,1445.4935302734375,1462.1180033355356,1432.7224901750476,1462.1180033355356,14490272
2024-04-05,1442.7020263671875,1453.274601948929,1438.6509043996564,1443.467815909923,7442298
2024-04-08,1468.268798828125,1473.2092211870183,1443.5914132686094,1445.542855977216,8357118
2024-04-09,1446.209716796875,1472.0481472763418,1445.0733956446675,1471.2576315315623,7071414
2024-04-10,1461.945068359375,1469.281643980642,1448.8776750369068,1448.8776750369068,9138330
2024-04-12,1449.6680908203125,1468.7627741208264,1445.6415744118667,1458.2891033204971,15551012
2024-04-15,1447.3707275390625,1464.4646364315843,1429.0911655763507,1443.591352839028,12902062
2024-04-16,1448.2847900390625,1453.6451964542034,1433.6364862387566,1436.0325186728678,9366184
2024-04-18,1446.876708984375,1468.2934876101954,1441.9610129858208,1446.0615875622616,19005692
2024-04-19,1452.6075439453125,1456.4363709041004,1425.8304814663622,1439.4166416427065,15741778
2024-04-22,1462.2166748046875,1465.1562017707047,1450.3103301575065,1454.9048261235944,10350362
2024-04-23,1441.936279296875,1475.7041133303053,1438.20635702296,1461.3768889290402,14605554
2024-04-24,1432.895263671875,1451.0513135165108,1432.2282584925008,1446.0614393265091,10462776
2024-04-25,1442.5784912109375,1450.483166375014,1424.3236561270523,1425.3117405225619,15943926
2024-04-26,1435.2420654296875,1447.5436681516292,1432.7224019248206,1446.5061312694434,9413848
2024-04-29,1447.5684814453125,1450.4092243096331,1432.7224880920985,1432.7224880920985,7247974
2024-04-30,1449.5198974609375,1465.403306850403,1445.4440490785064,1450.5079819172845,11474262
2024-05-02,1449.0753173828125,1459.7218309784546,1446.6791643138517,1454.460329459568,14512646
2024-05-03,1416.9130859375,1457.3750954799905,1399.275802819383,1453.4722101911175,17226958
2024-05-06,1402.610595703125,1422.841600588335,1401.1037428015688,1418.3952205864964,7394208
2024-05-07,1384.7755126953125,1403.820862972822,1375.4134374507605,1399.1027360020912,14517472
2024-05-08,1401.647216796875,1415.8755361000522,1380.8479912935143,1380.8479912935143,9439002
2024-05-09,1377.5130615234375,1406.7850596926346,1373.4372136770937,1396.1631531839807,11009612
2024-05-10,1390.65478515625,1393.1990543318577,1371.535254832905,1380.106935558881,10505096
2024-05-13,1385.9859619140625,1390.210046915121,1367.5088315833425,1383.2193979190515,8456620
2024-05-14,1403.1539306640625,1410.070521585227,1383.342910466477,1384.2815424166113,7188300
2024-05-15,1399.3992919921875,1412.9360003572742,1396.1880176135714,1403.5739245612333,5046534
2024-05-16,1408.3660888671875,1410.4904944706304,1381.3667306256436,1401.6471872524828,14711774
2024-05-17,1418.5927734375,1420.0749000882806,1396.4103261437938,1406.0936018418706,10916476
2024-05-21,1419.0126953125,1424.6447280920645,1408.613082979292,1408.613082979292,11176128
2024-05-22,1443.24560546875,1451.2737917888355,1419.1610465084934,1419.1610465084934,10281604
2024-05-23,1468.343017578125,1474.444366988288,1437.6629456463684,1441.1706938631594,14608260
2024-05-24,1462.6119384765625,1470.7636348065282,1458.5113640783345,1465.9467233388211,7094776
2024-05-27,1448.77880859375,1467.2066075031105,1444.134859977049,1462.587264504762,6629010
2024-05-28,1438.8485107421875,1460.8828419616084,1435.4396676765145,1450.5079553599196,7820162
2024-05-29,1423.607421875,1440.6271526936466,1421.310053120064,1429.264181324664,7383556
2024-05-30,1407.8720703125,1423.2368313836507,1403.178669288835,1418.3951935729253,13206858
2024-05-31,1413.3560791015625,1425.0648561889025,1405.3031663821573,1414.2453792660226,31069832
2024-06-03,1492.32861328125,1496.4539141466187,1441.6152266357983,1465.3292536675044,21527942
2024-06-04,1380.625732421875,1480.1999676014107,1343.1032493273078,1480.1999676014107,36709098
2024-06-05,1403.821044921875,1414.097147783154,1367.6077240917773,1405.0561505394378,17464890
2024-06-06,1414.541748046875,1426.497546390369,1404.41388190777,1417.9012594747105,17855722
2024-06-07,1452.4346923828125,1454.4603137562979,1409.5024711775536,1411.4786400821138,18558696
2024-06-10,1453.867431640625,1475.5558362929214,1450.5819785928986,1452.4346368701142,9251760
2024-06-11,1439.3179931640625,1456.1154291491666,1437.3418242246385,1451.4960860069511,11774902
2024-06-12,1445.888671875,1458.4126908916728,1437.835879864395,1440.1331280315808,10081742
2024-06-13,1447.7906494140625,1454.7072401295707,1442.7019906930702,1454.4602190325884,9181160
2024-06-14,1459.944091796875,1462.0437710581825,1439.8612048457326,1452.4840066456875,8157998
2024-06-18,1463.3778076171875,1469.6768460329972,1453.8180422457062,1469.6273935638167,7196766
2024-06-19,1441.2694091796875,1469.7756214798555,1438.650961260282,1469.7756214798555,8725874
2024-06-20,1456.139892578125,1465.1808887163045,1432.8211254931246,1441.6151005379975,16113776
2024-06-21,1436.8724365234375,1457.1281688420868,1423.4097851653107,1456.0660262473004,31170360
2024-06-24,1424.2989501953125,1432.2283517054532,1420.3713387903338,1428.3007403004744,8878386
2024-06-25,1436.8228759765625,1438.576749814009,1423.8295427024468,1425.8057113946086,7045386
2024-06-26,1495.9844970703125,1500.875466568816,1427.905458276952,1428.8194845866847,22014882
2024-06-27,1512.3126220703125,1519.1797603831344,1488.0551018777237,1495.7127559544517,28383030
2024-06-28,1546.7474365234375,1562.1615299634889,1512.782033239127,1512.782033239127,28957336
2024-07-01,1541.5599365234375,1560.5805616644209,1537.138282854078,1543.9066370278445,7724306
2024-07-02,1546.525146484375,1554.7509013864856,1538.4475077589818,1550.7985635373939,7749246
2024-07-03,1533.927001953125,1556.2329594590622,1524.391963189475,1547.661278880494,9049620
2024-07-04,1535.5079345703125,1548.822348177101,1532.321386398175,1538.447461634288,6837176
2024-07-05,1569.695556640625,1579.4528899457323,1529.5546284867023,1535.3101717849263,12269710
2024-07-08,1581.824462890625,1589.6303543798022,1563.6684106310508,1570.0662334946016,9500806
2024-07-09,1571.3260498046875,1581.4291893561121,1561.6675000170792,1578.5637202787966,6960002
2024-07-10,1565.3480224609375,1578.4648673124634,1544.5241914718106,1575.9946562525065,7134578
2024-07-11,1561.815673828125,1585.1344421846698,1551.786592769845,1568.5840280306456,11940946
2024-07-12,1577.6990966796875,1586.023756297877,1555.7389442164904,1565.619788574804,12924784
2024-07-15,1578.193115234375,1586.7153433656392,1566.6078495211154,1585.332001053062,5329688
2024-07-16,1557.4681396484375,1580.9351457176842,1550.4280378276635,1574.5125966882063,9386838
2024-07-18,1567.76904296875,1574.9079294522828,1539.2627082750141,1557.2211925457696,12298374
2024-07-19,1536.61962890625,1571.029623251694,1534.2976544625544,1567.1020115011324,13140390
2024-07-22,1482.7935791015625,1519.179738244426,1481.4102368427714,1518.9327171487766,19674376
2024-07-23,1470.1708984375,1487.808182000688,1445.5675711552426,1483.1147807956386,18052044
2024-07-24,1477.8779296875,1491.5135439533938,1458.8079713194404,1467.3054738461674,11913362
2024-07-25,1474.6171875,1482.595920809754,1459.474721651074,1463.3530011800513,12519876
2024-07-26,1491.044189453125,1494.4037007697482,1472.59166375446,1474.6172851615388,9859940
2024-07-29,1501.987060546875,1509.2989091727318,1493.7613062276428,1493.9341486268256,7538550
2024-07-30,1495.1199951171875,1506.8287716127938,1492.0075050067665,1498.9488223237445,8228208
2024-07-31,1487.487060546875,1492.4520883459395,1483.2629754591517,1486.0789919790418,10057346
2024-08-01,1497.244384765625,1499.9121644798522,1486.37545603751,1493.9836579008804,10764222
2024-08-02,1481.4595947265625,1491.3404387261814,1475.481756476256,1487.0670219426547,10268248
2024-08-05,1430.079345703125,1466.2186085334113,1416.1721046606897,1462.3650548737628,17046704
2024-08-06,1438.700439453125,1459.8948030686215,1434.0316438440889,1437.8111393077952,10236186
2024-08-07,1447.3707275390625,1454.954323788822,1444.0853950542364,1451.4960282823629,8174568
2024-08-08,1431.8577880859375,1447.5436277380477,1428.6959662921352,1440.1577210643813,12387192
2024-08-09,1456.7330322265625,1458.9067698886504,1438.6510375603623,1442.6033755756382,6249776
2024-08-12,1443.220703125,1455.4482469512195,1440.3799606199186,1452.483993902439,8184584
2024-08-13,1446.18505859375,1452.5581548536697,1440.6270837336665,1443.344315887485,6265064
2024-08-14,1444.4312744140625,1454.4603560192809,1436.3783617708266,1446.1110904012166,6267466
2024-08-16,1460.58642578125,1462.7602840003062,1440.676620060605,1451.1502913945535,9416902
2024-08-19,1475.65625,1485.47150978375,1467.8238660907393,1469.8067419652286,13797742
2024-08-20,1483.1416015625,1491.0484162933285,1477.2674041310693,1484.4057091952604,8411808
2024-08-21,1485.8433837890625,1494.964564922092,1477.2426107826689,1480.464784262564,7769996
2024-08-22,1485.2979736328125,1493.6012664349316,1477.8869991875908,1490.1312336221058,10445782
2024-08-23,1487.1322021484375,1498.3849993365056,1485.5955458508122,1490.8749048344312,9249654
2024-08-26,1499.6490478515625,1509.9600269352031,1490.131267553257,1494.0722092753902,8816114
2024-08-27,1487.6031494140625,1500.516654009415,1486.6117113802566,1497.5671500638725,6251156
2024-08-28,1485.4715576171875,1494.567928369235,1480.2168879705305,1492.1141436005682,9610286
2024-08-29,1507.90283203125,1523.8401488737275,1481.2083164719252,1490.2303777286736,38335358
2024-08-30,1496.6995849609375,1526.5418444404818,1490.4534771750382,1520.865886117465,41620730
2024-09-02,1503.267822265625,1513.7275412609433,1493.7252318027681,1497.9388431759776,11240852
2024-09-03,1496.203857421875,1509.9600595401412,1494.5927706873033,1508.2250430567562,10923800
2024-09-04,1501.5823974609375,1504.50709100704,1486.6612078847159,1487.850885016148,11983304
2024-09-05,1480.192138671875,1512.7113538076746,1474.3179410781217,1506.0439573959175,16264168
2024-09-06,1452.2830810546875,1484.182646260627,1449.110527949692,1479.721175380084,19394228
2024-09-09,1449.9283447265625,1457.339440034618,1443.1370191466497,1453.943716732093,9010298
2024-09-10,1449.0113525390625,1459.4462610127246,1445.0951000796938,1447.9951044503912,10768260
2024-09-11,1439.0721435546875,1456.1744477064742,1435.1560121734635,1450.5232999620255,9760202
2024-09-12,1467.1298828125,1473.2767495080643,1433.4953029575859,1444.5250498204912,22349376
2024-09-13,1460.016357421875,1470.451266381587,1456.918113729867,1463.7590600068495,8711328
2024-09-16,1458.752197265625,1468.2204780575375,1452.2087310287416,1464.8991851443227,5481774
2024-09-17,1459.6942138671875,1464.8248328952707,1454.0677548146177,1461.3796100548857,5935328
2024-09-18,1450.919921875,1469.3111455549956,1448.0448484372855,1457.413889315684,8574714
2024-09-19,1457.0916748046875,1463.8581906691413,1443.0876132109174,1453.6959512825117,16955902
2024-09-20,1473.2025146484375,1482.1997658201985,1458.7770437683578,1461.3795684407844,30897320
2024-09-23,1480.5887451171875,1488.6441789861601,1476.2015834923338,1478.2340798324108,8832314
2024-09-24,1476.6229248046875,1487.6526722077606,1475.1357678514642,1475.7554165819738,17137444
2024-09-25,1481.15869140625,1483.6869066134093,1467.5264194610884,1471.1948125268714,7069002
2024-09-26,1485.12451171875,1491.122760061236,1475.309372285805,1477.8870868947113,18818998
2024-09-27,1513.10791015625,1520.345334807694,1479.2254687210307,1486.1655345930462,20597478
2024-09-30,1463.9324951171875,1511.9181178232873,1461.7761901136828,1506.3908994638518,27008814
2024-10-01,1452.2830810546875,1475.2100841908111,1450.3002051077794,1467.9726595996829,16431642
2024-10-03,1394.928466796875,1436.9902726871705,1390.070396353704,1424.2750076222521,37757294
2024-10-04,1374.653564453125,1405.2145916660443,1369.9442340651563,1391.9046094477658,37072876
2024-10-07,1358.9888916015625,1384.5432314460647,1349.7189700751067,1381.5689173076198,22181340
2024-10-08,1385.3858642578125,1389.004637160655,1353.4119887771337,1361.2195630224157,17020808
2024-10-09,1362.8306884765625,1388.979866453412,1360.7486928237201,1385.5594536683957,14310610
2024-10-10,1359.31103515625,1374.132983939481,1357.699948504806,1368.209166456891,22358646
2024-10-11,1360.35205078125,1371.4314188021033,1357.1050671377104,1358.2700551936466,7980122
2024-10-14,1360.7734375,1368.2587216327886,1356.5350159311083,1367.6390728953818,12221432
2024-10-15,1332.5174560546875,1359.9554295521655,1329.2208521541709,1346.8933067731043,33762794
2024-10-16,1342.4813232421875,1352.3213935222657,1326.1722170162907,1328.5268821992931,20034438
2024-10-17,1344.811279296875,1356.7332239102464,1340.4737382347967,1354.0067695283685,15543660
2024-10-18,1347.66162109375,1356.70849216764,1329.840427555484,1340.5976258716714,12082452
2024-10-21,1357.476806640625,1362.2357572594483,1346.1000802528206,1355.4196212833501,14067408
2024-10-22,1331.8482666015625,1364.2187428070656,1328.7500227270916,1357.4769157261562,15831960
2024-10-23,1327.0645751953125,1345.8522769141389,1323.56973203491,1326.0483270387208,17214742
2024-10-24,1328.3287353515625,1332.1952468902052,1311.7964576126847,1323.8424540123256,22155934
2024-10-25,1316.4808349609375,1332.8395608533488,1310.6809472586556,1331.996862815434,18597496
2024-10-28,1322.9251708984375,1341.4155124030337,1310.7800563182918,1325.552505604476,10824350
2024-10-29,1328.52685546875,1331.6994085045892,1308.995576227512,1316.728719636798,12008361
2024-10-30,1332.3935546875,1338.4413022928309,1314.0023313459362,1323.569732267355,11984423
2024-10-31,1320.64501953125,1331.5012170832633,1314.7955112005386,1328.5269031210519,9331650
2024-11-01,1327.1884765625,1330.4601492824747,1321.5868277686543,1321.6364480777281,2127335
2024-11-04,1291.0009765625,1328.52687951389,1274.0969107675833,1326.3952636738204,19796890
2024-11-05,1294.1240234375,1298.337634786513,1275.1379622128013,1281.9292880644173,16267479
2024-11-06,1314.002197265625,1316.9270116872763,1289.0675098622075,1298.783649697479,21625209
2024-11-07,1294.470947265625,1312.6638089321268,1291.447013193,1312.6638089321268,9611974
2024-11-08,1272.758544921875,1290.5053095001092,1264.083462337208,1286.5395574614042,19814406
2024-11-11,1261.802978515625,1274.9891511168566,1256.151830843746,1267.9994654475693,9056552
2024-11-12,1263.33984375,1278.2610337323058,1256.6476373969983,1264.6287615317467,10671091
2024-11-13,1241.3299560546875,1264.5295076822267,1238.8017408266169,1259.374078659472,14633633
2024-11-14,1256.746826171875,1261.7040163358736,1240.38809863068,1242.866693712679,12612633
2024-11-18,1249.9554443359375,1262.0014401044657,1233.24973843027,1256.7467703539512,13620611
2024-11-19,1231.0189208984375,1270.5276979121372,1224.5745744010292,1249.9553610165642,14183746
2024-11-21,1212.528564453125,1233.299140266532,1206.8277964681656,1231.0189056876295,19433843
2024-11-22,1254.565673828125,1257.9860865301255,1211.9833389629089,1218.8739057022901,20471957
2024-11-25,1275.9805908203125,1293.2811339485756,1271.4694999174592,1278.9549045518283,28923341
2024-11-26,1284.6060791015625,1286.7376948587628,1273.2045428922675,1283.8625006531302,9247557
2024-11-27,1282.1275634765625,1292.6864023015983,1274.9892583407009,1282.4250432843673,9572746
2024-11-28,1259.91943359375,1285.4984608667178,1258.184417128475,1278.905374093644,15027412
2024-11-29,1281.1361083984375,1288.3736540571424,1264.3312830599236,1269.0406134614407,13202307
2024-12-02,1297.9410400390625,1300.1221551586505,1266.115905470633,1276.9721028104004,11024152
2024-12-03,1311.969970703125,1315.4400037478053,1295.8094826849822,1305.7238628126408,16869482
2024-12-04,1297.74267578125,1317.0262168141671,1292.884726573221,1314.6467414933138,19608540
2024-12-05,1310.7305908203125,1318.5628538088617,1294.966703202915,1303.0964459866593,16858723
2024-12-06,1300.320556640625,1312.564791729292,1298.7837793313574,1312.564791729292,9037514
2024-12-09,1284.0609130859375,1303.7409326166044,1282.0284168341586,1291.8436769577456,14650002
2024-12-10,1273.8489990234375,1283.812998621138,1269.238788448007,1278.2113501165884,16043729
2024-12-11,1267.2559814453125,1278.9549980546296,1265.1244866020038,1273.9978081396894,11724373
2024-12-12,1252.0870361328125,1267.25596445406,1249.8066803924569,1259.1262215126183,20906813
2024-12-13,1261.9517822265625,1264.281637225772,1228.9864700814942,1249.211828655226,28630222
2024-12-16,1257.4407958984375,1270.032009408355,1255.7057794921418,1264.0833817296273,9486781
2024-12-17,1234.6378173828125,1253.0785403896136,1232.1592223274588,1250.2529662315405,17462791
2024-12-18,1242.5196533203125,1249.162239402372,1230.027558928225,1230.027558928225,12670179
2024-12-19,1219.914794921875,1234.2411461229626,1218.4772582835096,1228.3916379278016,14244653
2024-12-20,1194.9803466796875,1228.8874800507767,1191.2128336272758,1213.5201900622435,20312896
2024-12-23,1211.834716796875,1216.6926661807136,1202.8125341694108,1204.5971709809228,10052824
2024-12-24,1212.2808837890625,1222.988463211123,1210.545867189896,1211.8347850736238,6734917
2024-12-26,1206.1339111328125,1217.1883476811242,1203.8535553911518,1213.767935093776,10016178
2024-12-27,1210.595458984375,1217.3867853075249,1206.5800865394056,1207.86900439277,7000397
2024-12-30,1200.3338623046875,1212.7268365212021,1197.7561478726802,1205.9851311625014,8818766
2024-12-31,1205.043212890625,1208.6619856280877,1195.8229125326573,1197.6570485426987,6405475
